position,lap_time_ms,year,month,day,circuit_id,driver_number,driver_age,pit_next_lap,stint,race_progressed,nationality_id,compound_id,tyre_life,position_change,fast_stop
16,95463,2022,11,20,24,23,30,0,1,0.218181818,19,,,-1,1
12,94033,2022,11,20,24,23,30,0,2,0.636363636,19,,,-1,1
17,91974,2025,12,7,24,23,30,0,1,0.145454545,19,1,8,-2,1
12,94282,2023,11,26,24,23,30,0,1,0.290909091,19,2,17,-1,1
14,92201,2024,12,8,24,23,30,0,1,0.218181818,19,2,12,0,1
13,92175,2023,11,26,24,23,30,0,2,0.781818182,19,3,27,0,1
13,91616,2025,12,7,24,23,30,0,2,0.6,19,3,25,1,1
9,98438,2022,4,10,1,23,30,0,1,0.982758621,19,3,57,-2,1
16,97861,2024,3,24,1,23,30,0,1,0.103448276,19,2,6,-3,1
15,97440,2024,3,24,1,23,30,0,2,0.465517241,19,3,21,-5,1
7,168864,2025,3,16,1,23,30,1,1,0.034482759,19,,,0,1
7,163623,2025,3,16,1,23,30,1,2,0.051724138,19,,,0,1
7,154281,2025,3,16,1,23,30,0,3,0.068965517,19,,,0,1
7,110179,2025,3,16,1,23,30,0,4,0.568965517,19,4,31,0,1
9,105335,2025,3,16,1,23,30,0,5,0.75862069,19,2,11,-2,1
14,75217,2022,7,10,70,23,30,0,1,0.154929577,19,2,11,-1,1
10,75405,2022,7,10,70,23,30,0,2,0.577464789,19,3,30,1,1
10,116502,2023,7,2,70,23,30,0,1,0.028169014,19,2,2,1,1
10,80648,2023,7,2,70,23,30,0,2,0.197183099,19,2,14,0,1
10,74393,2023,7,2,70,23,30,0,3,0.577464789,19,3,27,0,0
12,74616,2024,6,30,70,23,30,0,1,0.169014085,19,2,12,0,1
14,77195,2024,6,30,70,23,30,0,2,0.549295775,19,3,27,-1,1
7,74030,2025,6,29,70,23,30,0,1,0.183098592,19,2,13,-1,1
16,135201,2022,6,12,73,23,30,0,1,0.176470588,19,2,9,0,0
15,114786,2022,6,12,73,23,30,0,2,0.568627451,19,3,20,0,1
14,112993,2023,4,30,73,23,30,0,1,0.137254902,19,2,7,-2,1
8,112482,2024,9,15,73,23,30,0,1,0.607843137,19,3,31,-3,1
19,156417,2025,9,21,73,23,30,0,1,0.019607843,19,2,1,0,1
19,110919,2025,9,21,73,23,30,0,2,0.294117647,19,2,14,-1,1
14,104752,2022,3,20,3,23,30,0,1,0.228070175,19,1,13,-1,0
16,103965,2022,3,20,3,23,30,0,2,0.614035088,19,2,22,0,0
14,132997,2022,3,20,3,23,30,0,3,0.807017544,19,2,13,1,0
12,103948,2023,3,5,3,23,30,0,1,0.192982456,19,1,11,-1,0
10,102610,2023,3,5,3,23,30,0,2,0.456140351,19,1,15,0,0
9,110177,2023,3,5,3,23,30,0,3,0.701754386,19,3,14,1,0
5,101171,2024,3,2,3,23,30,0,1,0.263157895,19,1,15,0,0
10,100333,2024,3,2,3,23,30,0,2,0.631578947,19,3,21,0,0
6,102382,2025,4,13,3,23,30,0,1,0.280701754,19,1,16,-1,0
9,127594,2025,4,13,3,23,30,0,2,0.561403509,19,3,16,-1,0
11,121128,2022,8,28,13,23,30,0,1,0.227272727,19,2,10,-4,1
11,120055,2022,8,28,13,23,30,0,2,0.590909091,19,3,16,-2,0
9,118541,2023,7,30,13,23,30,0,1,0.159090909,19,1,7,-2,0
10,119277,2023,7,30,13,23,30,0,2,0.522727273,19,2,16,-1,0
15,117737,2023,7,30,13,23,30,0,3,0.75,19,2,10,-3,0
13,115365,2024,7,28,13,23,30,0,1,0.181818182,19,2,8,-3,0
11,114299,2024,7,28,13,23,30,0,2,0.522727273,19,2,15,-2,1
7,126684,2025,7,27,13,23,30,0,1,0.272727273,19,4,12,-1,0
3,94638,2022,11,20,24,44,41,0,1,0.327272727,5,,,1,1
7,93651,2023,11,26,24,44,41,0,1,0.272727273,5,2,15,1,1
6,91324,2023,11,26,24,44,41,0,2,0.636363636,5,3,20,1,1
4,91792,2024,12,8,24,44,41,0,1,0.618181818,5,3,34,-1,1
14,92249,2025,12,7,24,44,41,0,1,0.145454545,5,1,8,-1,1
8,91397,2025,12,7,24,44,41,0,2,0.563636364,5,3,23,0,1
4,98399,2022,4,10,1,44,41,0,1,0.379310345,5,2,22,-2,1
14,96858,2024,3,24,1,44,41,0,1,0.120689655,5,1,7,-5,1
8,169908,2025,3,16,1,44,41,1,1,0.034482759,5,,,0,1
8,163813,2025,3,16,1,44,41,1,2,0.051724138,5,,,0,1
8,154100,2025,3,16,1,44,41,0,3,0.068965517,5,,,0,1
8,110479,2025,3,16,1,44,41,0,4,0.568965517,5,4,33,0,1
9,150695,2025,3,16,1,44,41,0,5,0.810344828,5,,,-8,1
4,74334,2022,7,10,70,44,41,0,1,0.394366197,5,2,28,0,1
4,73774,2022,7,10,70,44,41,0,2,0.718309859,5,3,23,0,1
4,115179,2023,7,2,70,44,41,0,1,0.028169014,5,2,2,0,1
4,78406,2023,7,2,70,44,41,0,2,0.197183099,5,2,14,0,1
6,74083,2023,7,2,70,44,41,0,3,0.591549296,5,3,28,-2,0
6,75730,2024,6,30,70,44,41,0,1,0.295774648,5,2,21,-1,1
4,75339,2024,6,30,70,44,41,0,2,0.746478873,5,3,32,-1,0
2,74514,2025,6,29,70,44,41,0,1,0.366197183,5,2,26,-1,1
3,73950,2025,6,29,70,44,41,0,2,0.704225352,5,3,24,1,1
6,129357,2022,6,12,73,44,41,0,1,0.176470588,5,2,9,1,1
5,136486,2022,6,12,73,44,41,0,2,0.647058824,5,3,24,0,1
7,113178,2023,4,30,73,44,41,0,1,0.176470588,5,2,9,-2,1
14,115287,2024,9,15,73,44,41,0,1,0.235294118,5,2,12,0,1
6,108550,2025,9,21,73,44,41,0,1,0.705882353,5,3,36,-1,1
5,102945,2022,3,20,3,44,41,0,1,0.192982456,5,1,13,0,0
5,101666,2022,3,20,3,44,41,0,2,0.473684211,5,3,17,0,0
4,101007,2022,3,20,3,44,41,0,3,0.771929825,5,2,17,1,0
7,103336,2023,3,5,3,44,41,0,1,0.210526316,5,1,15,-2,0
6,101175,2023,3,5,3,44,41,0,2,0.526315789,5,3,18,-1,0
7,100889,2024,3,2,3,44,41,0,1,0.210526316,5,1,15,1,0
7,99696,2024,3,2,3,44,41,0,2,0.578947368,5,3,21,0,0
2,101684,2025,4,13,3,44,41,0,1,0.298245614,5,2,17,0,0
5,115663,2025,4,13,3,44,41,0,2,0.561403509,5,2,15,0,0
4,118156,2023,7,30,13,44,41,0,1,0.272727273,5,1,12,0,1
4,116092,2023,7,30,13,44,41,0,2,0.613636364,5,2,15,0,1
4,115220,2023,7,30,13,44,41,0,3,0.954545455,5,1,15,0,1
2,114328,2024,7,28,13,44,41,0,1,0.25,5,2,11,-1,1
1,112047,2024,7,28,13,44,41,0,2,0.590909091,5,3,15,0,1
7,94941,2022,11,20,24,14,45,0,1,0.345454545,18,,,-1,1
8,93378,2023,11,26,24,14,45,0,1,0.218181818,18,2,12,-1,1
4,92048,2023,11,26,24,14,45,0,2,0.654545455,18,3,25,1,1
8,93244,2024,12,8,24,14,45,0,1,0.236363636,18,2,14,0,1
9,91999,2024,12,8,24,14,45,0,2,0.672727273,18,3,25,0,1
5,91928,2025,12,7,24,14,45,0,1,0.290909091,18,2,17,0,1
12,122407,2022,4,10,1,14,45,0,1,0.672413793,18,3,39,-6,1
17,100863,2022,4,10,1,14,45,0,2,0.913793103,18,2,14,-3,1
5,108609,2024,3,24,1,14,45,0,1,0.293103448,18,3,18,-3,1
7,98988,2024,3,24,1,14,45,0,2,0.706896552,18,2,25,-3,1
10,169408,2025,3,16,1,14,45,1,1,0.034482759,18,,,0,1
10,163345,2025,3,16,1,14,45,1,2,0.051724138,18,,,0,1
10,154706,2025,3,16,1,14,45,0,3,0.068965517,18,,,0,1
12,75819,2022,7,10,70,14,45,0,1,0.38028169,18,3,27,-2,1
6,80896,2022,7,10,70,14,45,1,2,0.802816901,18,3,30,1,1
10,112629,2022,7,10,70,14,45,0,3,0.816901408,18,,,-4,0
6,115765,2023,7,2,70,14,45,0,1,0.028169014,18,3,2,0,1
4,93034,2023,7,2,70,14,45,0,2,0.211267606,18,3,15,2,1
5,75313,2023,7,2,70,14,45,0,3,0.61971831,18,2,29,0,1
14,75343,2024,6,30,70,14,45,0,1,0.154929577,18,2,14,-1,1
16,78118,2024,6,30,70,14,45,0,2,0.492957746,18,2,25,-5,0
17,75636,2024,6,30,70,14,45,0,3,0.957746479,18,3,34,0,1
6,75811,2025,6,29,70,14,45,0,1,0.464788732,18,2,34,-1,1
8,116303,2022,6,12,73,14,45,0,1,0.352941176,18,2,18,-3,1
4,148557,2023,4,30,73,14,45,0,1,0.215686275,18,2,11,1,1
8,113492,2024,9,15,73,14,45,0,1,0.215686275,18,2,12,-1,1
11,110767,2025,9,21,73,14,45,0,1,0.411764706,18,2,24,-1,0
11,104265,2022,3,20,3,14,45,0,1,0.192982456,18,1,14,-1,0
10,102836,2022,3,20,3,14,45,0,2,0.438596491,18,2,14,-1,0
12,102925,2022,3,20,3,14,45,0,3,0.736842105,18,3,17,-1,0
4,102212,2023,3,5,3,14,45,0,1,0.245614035,18,1,17,1,0
3,100353,2023,3,5,3,14,45,0,2,0.596491228,18,3,20,1,0
2,101101,2024,3,2,3,14,45,0,1,0.263157895,18,1,18,1,0
9,100261,2024,3,2,3,14,45,0,2,0.719298246,18,3,26,0,0
12,103567,2025,4,13,3,14,45,0,1,0.280701754,18,2,16,-5,0
14,126361,2025,4,13,3,14,45,0,2,0.561403509,18,2,16,-1,0
6,119751,2022,8,28,13,14,45,0,1,0.25,18,2,11,-1,1
8,119470,2022,8,28,13,14,45,0,2,0.568181818,18,2,14,-2,0
5,118157,2023,7,30,13,14,45,0,1,0.227272727,18,2,10,0,1
5,118063,2023,7,30,13,14,45,0,2,0.659090909,18,2,19,-1,0
6,114654,2024,7,28,13,14,45,0,1,0.295454545,18,2,13,-2,1
20,129812,2025,7,27,13,14,45,0,1,0.25,18,4,11,-1,1
16,112557,2025,7,27,13,14,45,0,2,0.659090909,18,2,18,-1,0
17,96222,2022,11,20,24,77,36,0,1,0.545454545,10,,,-2,1
16,94094,2023,11,26,24,77,36,0,1,0.527272727,10,3,29,-1,1
16,93388,2024,12,8,24,77,36,0,1,0.109090909,10,2,6,-3,0
14,99240,2022,4,10,1,77,36,0,1,0.379310345,10,2,22,-8,1
19,137156,2023,4,2,1,77,36,0,1,0.017241379,10,1,1,0,1
14,110643,2023,4,2,1,77,36,0,3,0.913793103,10,3,52,1,1
14,658233,2023,4,2,1,77,36,0,5,0.948275862,10,,,0,0
18,126645,2024,3,24,1,77,36,0,1,0.137931034,10,2,9,-8,0
16,98523,2024,3,24,1,77,36,0,2,0.620689655,10,3,29,-2,1
19,75200,2022,7,10,70,77,36,0,1,0.084507042,10,2,6,0,0
15,75886,2022,7,10,70,77,36,0,2,0.549295775,10,3,33,-1,1
17,120550,2023,7,2,70,77,36,0,1,0.028169014,10,3,2,1,1
18,75575,2023,7,2,70,77,36,0,2,0.295774648,10,3,21,-2,0
15,74528,2023,7,2,70,77,36,0,3,0.563380282,10,2,19,0,1
13,76062,2024,6,30,70,77,36,0,1,0.267605634,10,2,19,-1,1
14,75360,2024,6,30,70,77,36,0,2,0.591549296,10,3,23,-2,1
12,150801,2022,6,12,73,77,36,0,1,0.647058824,10,,,0,1
19,113204,2023,4,30,73,77,36,0,1,0.117647059,10,2,6,-2,1
19,133014,2023,4,30,73,77,36,0,2,0.235294118,10,3,6,0,1
19,111998,2023,4,30,73,77,36,0,3,0.666666667,10,3,22,0,1
20,117809,2024,9,15,73,77,36,0,1,0.215686275,10,2,12,-1,1
11,103736,2022,3,20,3,77,36,0,1,0.245614035,10,1,17,-1,0
7,102299,2022,3,20,3,77,36,0,2,0.631578947,10,2,22,0,0
8,121176,2022,3,20,3,77,36,0,3,0.789473684,10,2,9,1,0
9,103269,2023,3,5,3,77,36,0,1,0.192982456,10,1,11,0,0
9,102220,2023,3,5,3,77,36,0,2,0.50877193,10,3,18,0,0
14,103145,2024,3,2,3,77,36,0,1,0.210526316,10,1,12,1,0
16,101252,2024,3,2,3,77,36,0,2,0.526315789,10,3,18,-1,0
16,120115,2023,7,30,13,77,36,0,1,0.136363636,10,1,6,-3,1
11,118044,2023,7,30,13,77,36,0,2,0.545454545,10,2,18,0,0
11,115226,2024,7,28,13,77,36,0,1,0.25,10,2,11,0,1
14,113284,2024,7,28,13,77,36,0,2,0.795454545,10,3,24,-4,1
17,96422,2022,11,20,24,10,30,0,1,0.254545455,11,,,-1,1
6,94709,2023,11,26,24,10,30,0,1,0.309090909,11,2,17,-1,1
13,92563,2023,11,26,24,10,30,0,2,0.581818182,11,3,15,0,1
4,92241,2024,12,8,24,10,30,0,1,0.254545455,11,2,14,-1,1
17,93540,2025,12,7,24,10,30,0,1,0.236363636,11,2,13,-1,1
16,91907,2025,12,7,24,10,30,0,2,0.727272727,11,3,27,0,1
15,100851,2022,4,10,1,10,30,0,1,0.362068966,11,2,21,-7,1
14,117788,2024,3,24,1,10,30,0,1,0.293103448,11,2,17,-6,1
15,104594,2024,3,24,1,10,30,0,2,0.706896552,11,3,24,-5,1
9,171310,2025,3,16,1,10,30,1,1,0.034482759,11,,,0,1
9,162892,2025,3,16,1,10,30,1,2,0.051724138,11,,,0,1
9,154589,2025,3,16,1,10,30,0,3,0.068965517,11,,,0,1
9,111300,2025,3,16,1,10,30,0,4,0.568965517,11,4,33,0,1
11,116069,2025,3,16,1,10,30,0,5,0.793103448,11,3,13,-7,1
12,75832,2022,7,10,70,10,30,0,1,0.169014085,11,2,12,0,1
14,76459,2022,7,10,70,10,30,0,2,0.563380282,11,3,28,-2,0
9,115719,2023,7,2,70,10,30,0,1,0.028169014,11,2,2,1,1
8,80634,2023,7,2,70,10,30,0,2,0.197183099,11,2,14,0,1
7,75568,2023,7,2,70,10,30,0,3,0.61971831,11,3,30,-1,0
8,75809,2024,6,30,70,10,30,0,1,0.281690141,11,2,20,0,1
10,75358,2024,6,30,70,10,30,0,2,0.591549296,11,3,22,-2,1
11,75976,2025,6,29,70,10,30,0,1,0.169014085,11,1,15,-4,1
12,75313,2025,6,29,70,10,30,0,2,0.535211268,11,3,26,-2,1
5,127392,2022,6,12,73,10,30,0,1,0.176470588,11,2,9,1,1
19,113152,2023,4,30,73,10,30,0,1,0.098039216,11,2,5,-4,1
16,112208,2023,4,30,73,10,30,0,2,0.450980392,11,3,18,-1,1
12,145969,2024,9,15,73,10,30,0,1,0.980392157,11,3,50,2,1
18,110710,2025,9,21,73,10,30,0,1,0.68627451,11,3,35,-2,1
7,104005,2022,3,20,3,10,30,0,1,0.245614035,11,1,17,0,0
8,102305,2022,3,20,3,10,30,0,2,0.561403509,11,2,18,0,0
19,104201,2023,3,5,3,10,30,0,1,0.157894737,11,1,9,-1,0
12,102288,2023,3,5,3,10,30,0,2,0.438596491,11,3,16,0,0
10,109707,2023,3,5,3,10,30,0,3,0.701754386,11,3,15,1,0
12,101456,2024,3,2,3,10,30,0,1,0.210526316,11,1,12,2,0
16,100432,2024,3,2,3,10,30,0,2,0.543859649,11,3,19,-1,0
17,99291,2024,3,2,3,10,30,0,3,0.754385965,11,3,12,0,0
6,104215,2025,4,13,3,10,30,0,1,0.175438596,11,1,13,-1,0
6,101166,2025,4,13,3,10,30,0,2,0.49122807,11,2,18,-1,0
18,120981,2022,8,28,13,10,30,0,1,0.227272727,11,2,10,-2,1
14,119515,2022,8,28,13,10,30,0,2,0.5,11,3,12,-2,1
8,121280,2023,7,30,13,10,30,0,1,0.522727273,11,1,23,-2,0
14,116010,2024,7,28,13,10,30,0,1,0.204545455,11,2,9,-3,1
13,113715,2024,7,28,13,10,30,0,2,0.636363636,11,3,19,-2,1
17,96622,2022,11,20,24,6,31,0,1,0.272727273,6,,,1,1
19,118173,2022,11,20,24,6,31,0,2,0.690909091,6,,,-3,0
19,104388,2022,4,10,1,6,31,0,1,0.224137931,6,2,13,-3,1
18,119640,2022,4,10,1,6,31,0,2,0.396551724,6,3,11,1,1
16,75485,2022,7,10,70,6,31,0,1,0.169014085,6,2,12,0,1
19,75703,2022,7,10,70,6,31,0,2,0.492957746,6,3,23,0,1
20,117544,2022,6,12,73,6,31,0,1,0.058823529,6,2,3,-1,0
19,117707,2022,6,12,73,6,31,0,2,0.333333333,6,2,17,0,1
18,105315,2022,3,20,3,6,31,0,1,0.245614035,6,1,14,1,0
20,104577,2022,3,20,3,6,31,0,2,0.561403509,6,1,18,-2,0
17,131603,2022,3,20,3,6,31,0,3,0.789473684,6,2,13,2,0
18,182851,2022,8,28,13,6,31,0,1,0.068181818,6,,,0,0
14,122821,2022,8,28,13,6,31,0,2,0.340909091,6,2,13,-3,0
18,119932,2022,8,28,13,6,31,0,3,0.772727273,6,3,19,-1,1
1,93538,2022,11,20,24,16,28,0,1,0.381818182,16,,,1,1
1,92468,2023,11,26,24,16,28,0,1,0.309090909,16,2,17,1,1
2,91443,2023,11,26,24,16,28,0,2,0.636363636,16,3,18,0,1
4,92189,2024,12,8,24,16,28,0,1,0.363636364,16,2,20,0,1
4,91990,2025,12,7,24,16,28,0,1,0.290909091,16,2,16,0,1
4,90239,2025,12,7,24,16,28,0,2,0.709090909,16,3,23,0,1
1,98340,2022,4,10,1,16,28,0,1,0.379310345,16,2,22,0,1
5,96036,2024,3,24,1,16,28,0,1,0.155172414,16,2,9,-2,1
4,95962,2024,3,24,1,16,28,0,2,0.586206897,16,3,25,-2,1
5,167233,2025,3,16,1,16,28,1,1,0.034482759,16,,,0,1
5,162161,2025,3,16,1,16,28,1,2,0.051724138,16,,,0,1
5,155802,2025,3,16,1,16,28,0,3,0.068965517,16,,,0,1
5,133905,2025,3,16,1,16,28,0,4,0.586206897,16,4,34,0,1
10,152457,2025,3,16,1,16,28,0,5,0.810344828,16,,,-8,0
1,74801,2022,7,10,70,16,28,0,1,0.366197183,16,2,26,0,1
1,74540,2022,7,10,70,16,28,0,2,0.690140845,16,3,23,0,1
1,84522,2022,7,10,70,16,28,0,3,0.816901408,16,,,0,1
2,115468,2023,7,2,70,16,28,0,1,0.028169014,16,2,2,0,1
2,93780,2023,7,2,70,16,28,0,2,0.211267606,16,2,15,0,1
2,73741,2023,7,2,70,16,28,0,3,0.661971831,16,2,32,0,1
18,82085,2024,6,30,70,16,28,0,1,0.014084507,16,2,1,0,0
19,75204,2024,6,30,70,16,28,0,2,0.225352113,16,3,15,0,1
18,74757,2024,6,30,70,16,28,0,3,0.464788732,16,2,17,0,1
13,73925,2024,6,30,70,16,28,0,4,0.718309859,16,2,19,-1,1
2,75052,2025,6,29,70,16,28,0,1,0.352112676,16,2,25,0,1
3,73884,2025,6,29,70,16,28,0,2,0.690140845,16,3,24,0,1
3,119045,2022,6,12,73,16,28,0,1,0.176470588,16,2,9,-1,1
2,144960,2023,4,30,73,16,28,0,1,0.215686275,16,2,11,0,1
1,113844,2024,9,15,73,16,28,0,1,0.31372549,16,2,16,0,1
7,109688,2025,9,21,73,16,28,0,1,0.37254902,16,2,22,0,1
1,102041,2022,3,20,3,16,28,0,1,0.263157895,16,1,15,0,0
1,101545,2022,3,20,3,16,28,0,2,0.543859649,16,1,19,0,0
1,125151,2022,3,20,3,16,28,0,3,0.807017544,16,2,15,0,0
3,102068,2023,3,5,3,16,28,0,1,0.228070175,16,1,13,-1,0
3,101323,2023,3,5,3,16,28,0,2,0.578947368,16,3,20,0,0
6,101737,2024,3,2,3,16,28,0,1,0.192982456,16,1,14,-2,0
4,99614,2024,3,2,3,16,28,0,2,0.596491228,16,3,23,0,0
1,101560,2025,4,13,3,16,28,0,1,0.298245614,16,2,17,0,0
3,111116,2025,4,13,3,16,28,0,2,0.561403509,16,2,15,0,0
12,187212,2022,8,28,13,16,28,0,1,0.068181818,16,,,-3,0
5,119575,2022,8,28,13,16,28,0,2,0.568181818,16,2,22,0,1
5,118112,2022,8,28,13,16,28,0,3,0.954545455,16,2,17,0,1
3,117485,2023,7,30,13,16,28,0,1,0.295454545,16,1,13,0,1
3,115953,2023,7,30,13,16,28,0,2,0.636363636,16,2,15,0,1
1,114091,2024,7,28,13,16,28,0,1,0.272727273,16,2,12,0,1
3,112358,2024,7,28,13,16,28,0,2,0.568181818,16,3,13,-1,1
18,95327,2022,11,20,24,20,33,0,1,0.509090909,8,,,1,1
20,93881,2023,11,26,24,20,33,0,1,0.090909091,8,2,5,-1,1
20,94337,2023,11,26,24,20,33,0,2,0.4,8,3,17,-3,1
9,92565,2024,12,8,24,20,33,0,1,0.218181818,8,2,12,0,0
13,91849,2024,12,8,24,20,33,1,2,0.527272727,8,3,17,-1,1
16,121980,2024,12,8,24,20,33,0,3,0.545454545,8,3,1,-3,1
16,91958,2024,12,8,24,20,33,0,4,1,8,1,25,0,1
16,123232,2022,4,10,1,20,33,0,1,0.672413793,8,3,39,-7,1
18,117790,2023,4,2,1,20,33,0,1,0.120689655,8,2,7,-6,1
15,97945,2024,3,24,1,20,33,0,1,0.120689655,8,2,7,-3,1
13,97802,2024,3,24,1,20,33,0,2,0.568965517,8,3,26,-2,1
7,75677,2022,7,10,70,20,33,0,1,0.211267606,8,2,15,-3,1
8,76340,2022,7,10,70,20,33,0,2,0.577464789,8,3,26,-1,1
8,91308,2023,7,2,70,20,33,1,1,0.014084507,8,3,1,0,0
19,135420,2023,7,2,70,20,33,0,2,0.028169014,8,2,1,-11,0
16,77880,2023,7,2,70,20,33,0,3,0.478873239,8,,,-1,1
12,75218,2024,6,30,70,20,33,0,1,0.14084507,8,2,10,-2,1
10,75311,2024,6,30,70,20,33,0,2,0.535211268,8,3,28,-1,1
14,133804,2022,6,12,73,20,33,0,1,0.176470588,8,2,11,1,1
12,122819,2023,4,30,73,20,33,0,1,0.196078431,8,2,10,-2,0
6,104244,2022,3,20,3,20,33,0,1,0.245614035,8,1,14,0,0
6,103256,2022,3,20,3,20,33,0,2,0.596491228,8,1,23,1,0
7,126178,2022,3,20,3,20,33,0,3,0.807017544,8,2,12,0,0
11,104899,2023,3,5,3,20,33,0,1,0.263157895,8,3,15,-2,0
13,101979,2023,3,5,3,20,33,0,2,0.50877193,8,3,14,-1,0
15,117797,2023,3,5,3,20,33,0,3,0.701754386,8,1,11,1,0
12,101088,2024,3,2,3,20,33,0,1,0.192982456,8,1,11,0,0
13,100565,2024,3,2,3,20,33,0,2,0.561403509,8,3,21,-2,0
16,121489,2022,8,28,13,20,33,0,1,0.25,8,2,11,-3,0
14,120400,2022,8,28,13,20,33,0,2,0.613636364,8,3,16,1,1
18,119429,2023,7,30,13,20,33,0,1,0.113636364,8,1,5,0,0
9,118299,2023,7,30,13,20,33,0,2,0.568181818,8,2,20,-1,0
12,114556,2024,7,28,13,20,33,0,1,0.386363636,8,2,17,-3,0
14,94647,2022,11,20,24,47,27,0,1,0.254545455,12,,,1,1
15,93827,2022,11,20,24,47,27,0,2,0.618181818,12,,,-1,0
18,101908,2022,4,10,1,47,27,0,1,0.24137931,12,2,16,-3,1
6,75447,2022,7,10,70,47,27,0,1,0.225352113,12,2,16,-1,1
6,74781,2022,7,10,70,47,27,0,2,0.605633803,12,3,27,0,1
18,136935,2022,6,12,73,47,27,0,1,0.176470588,12,3,9,1,0
17,117701,2022,6,12,73,47,27,0,2,0.450980392,12,2,16,0,1
17,105949,2022,3,20,3,47,27,0,1,0.210526316,12,1,12,-1,0
14,103748,2022,3,20,3,47,27,0,2,0.614035088,12,2,23,0,0
16,123227,2022,8,28,13,47,27,0,1,0.318181818,12,2,14,-3,0
16,119187,2022,8,28,13,47,27,0,2,0.681818182,12,3,16,-1,0
7,94516,2022,11,20,24,4,26,0,1,0.272727273,5,,,0,1
6,93097,2022,11,20,24,4,26,0,2,0.763636364,5,,,0,1
3,92394,2023,11,26,24,4,26,0,1,0.254545455,5,2,14,0,0
4,91445,2023,11,26,24,4,26,0,2,0.6,5,3,19,0,1
1,91567,2024,12,8,24,4,26,0,1,0.472727273,5,2,26,0,1
3,91722,2025,12,7,24,4,26,0,1,0.290909091,5,2,16,0,1
3,90069,2025,12,7,24,4,26,0,2,0.727272727,5,3,24,0,1
10,99107,2022,4,10,1,4,26,0,1,0.344827586,5,2,20,-5,1
3,98099,2024,3,24,1,4,26,0,1,0.24137931,5,2,14,-1,1
2,96023,2024,3,24,1,4,26,0,2,0.689655172,5,3,27,0,1
1,169888,2025,3,16,1,4,26,1,1,0.034482759,5,,,0,1
1,161723,2025,3,16,1,4,26,1,2,0.051724138,5,,,0,1
1,156053,2025,3,16,1,4,26,0,3,0.068965517,5,,,0,1
1,122273,2025,3,16,1,4,26,0,4,0.586206897,5,4,34,0,1
6,105587,2025,3,16,1,4,26,0,5,0.75862069,5,3,11,-5,1
8,75224,2022,7,10,70,4,26,0,1,0.197183099,5,2,14,0,1
7,74820,2022,7,10,70,4,26,0,2,0.605633803,5,3,29,0,0
5,114938,2023,7,2,70,4,26,0,1,0.028169014,5,2,2,0,1
5,79855,2023,7,2,70,4,26,0,2,0.197183099,5,2,14,0,1
7,74505,2023,7,2,70,4,26,0,3,0.577464789,5,3,27,-3,1
2,75037,2024,6,30,70,4,26,0,1,0.323943662,5,2,23,0,1
2,74573,2024,6,30,70,4,26,0,2,0.718309859,5,3,28,0,1
2,73982,2025,6,29,70,4,26,0,1,0.281690141,5,2,20,-1,1
2,73952,2025,6,29,70,4,26,0,2,0.732394366,5,3,32,-1,1
8,115814,2022,6,12,73,4,26,0,1,0.392156863,5,2,20,-3,1
9,112343,2023,4,30,73,4,26,0,1,0.176470588,5,2,9,-1,1
6,111037,2024,9,15,73,4,26,0,1,0.725490196,5,3,37,-1,1
4,108087,2025,9,21,73,4,26,0,1,0.725490196,5,2,37,0,1
17,105759,2022,3,20,3,4,26,0,1,0.421052632,5,2,24,-1,0
16,102153,2022,3,20,3,4,26,0,2,0.719298246,5,3,17,-1,0
16,132350,2022,3,20,3,4,26,0,3,0.789473684,5,1,4,2,0
13,103521,2023,3,5,3,4,26,0,1,0.175438596,5,1,10,-1,0
15,101501,2023,3,5,3,4,26,0,2,0.298245614,5,3,7,-1,0
17,100973,2023,3,5,3,4,26,0,3,0.473684211,5,1,13,1,0
18,100197,2023,3,5,3,4,26,0,4,0.649122807,5,2,10,0,0
17,100433,2023,3,5,3,4,26,0,5,0.824561404,5,3,10,0,0
17,99789,2023,3,5,3,4,26,0,6,0.947368421,5,1,11,0,0
3,100635,2024,3,2,3,4,26,0,1,0.228070175,5,1,16,1,0
5,99626,2024,3,2,3,4,26,0,2,0.578947368,5,3,20,0,0
4,101534,2025,4,13,3,4,26,0,1,0.175438596,5,1,13,-1,0
4,111704,2025,4,13,3,4,26,0,2,0.561403509,5,2,22,0,0
11,120657,2022,8,28,13,4,26,0,1,0.295454545,5,2,13,-2,1
12,118878,2022,8,28,13,4,26,0,2,0.659090909,5,3,16,-2,0
17,120430,2023,7,30,13,4,26,0,1,0.113636364,5,2,5,-7,0
16,118917,2023,7,30,13,4,26,0,2,0.386363636,5,3,12,0,0
2,113928,2024,7,28,13,4,26,0,1,0.340909091,5,2,15,0,1
3,111781,2024,7,28,13,4,26,0,2,0.659090909,5,3,14,0,1
10,94944,2022,11,20,24,31,29,0,1,0.254545455,11,,,-2,1
8,93031,2022,11,20,24,31,29,0,2,0.745454545,11,,,-1,1
8,93667,2023,11,26,24,31,29,0,1,0.272727273,11,2,15,1,1
4,93060,2025,12,7,24,31,29,0,1,0.345454545,11,2,19,-1,1
17,101475,2022,4,10,1,31,29,0,1,0.293103448,11,2,17,-9,1
15,122304,2023,4,2,1,31,29,0,1,0.017241379,11,1,1,0,1
13,97948,2024,3,24,1,31,29,0,1,0.155172414,11,2,9,-5,1
16,110665,2024,3,24,1,31,29,0,2,0.275862069,11,3,7,-2,0
16,98198,2024,3,24,1,31,29,0,3,0.724137931,11,3,26,-2,1
15,169919,2025,3,16,1,31,29,1,1,0.034482759,11,,,0,1
15,165071,2025,3,16,1,31,29,1,2,0.051724138,11,,,0,1
15,162192,2025,3,16,1,31,29,0,3,0.068965517,11,,,0,1
15,124201,2025,3,16,1,31,29,0,4,0.672413793,11,4,35,-1,1
13,141745,2025,3,16,1,31,29,0,5,0.793103448,11,2,7,1,1
5,75394,2022,7,10,70,31,29,0,1,0.225352113,11,2,16,-2,1
5,74924,2022,7,10,70,31,29,0,2,0.61971831,11,3,28,0,1
12,119895,2023,7,2,70,31,29,0,1,0.028169014,11,2,2,1,1
12,82570,2023,7,2,70,31,29,0,2,0.197183099,11,2,14,0,1
11,75171,2023,7,2,70,31,29,0,3,0.563380282,11,3,26,0,0
9,76146,2024,6,30,70,31,29,0,1,0.267605634,11,2,19,-1,1
9,75176,2024,6,30,70,31,29,0,2,0.605633803,11,3,24,-1,1
8,75316,2025,6,29,70,31,29,0,1,0.267605634,11,2,19,1,1
7,74680,2025,6,29,70,31,29,0,2,0.704225352,11,3,31,-1,1
10,146494,2022,6,12,73,31,29,0,1,0.647058824,11,3,33,0,1
10,110932,2023,4,30,73,31,29,0,1,0.980392157,11,3,50,-1,1
17,115188,2024,9,15,73,31,29,0,1,0.960784314,11,3,52,0,1
18,152985,2025,9,21,73,31,29,1,1,0.019607843,11,3,1,0,1
19,166878,2025,9,21,73,31,29,0,2,0.039215686,11,,,-1,1
8,104080,2022,3,20,3,31,29,0,1,0.245614035,11,1,14,0,0
9,102618,2022,3,20,3,31,29,0,2,0.526315789,11,2,16,0,0
9,101631,2022,3,20,3,31,29,0,3,0.754385965,11,3,13,0,0
9,103787,2023,3,5,3,31,29,0,1,0.210526316,11,1,15,1,0
13,101863,2023,3,5,3,31,29,0,2,0.263157895,11,3,3,-1,0
18,104296,2023,3,5,3,31,29,0,3,0.561403509,11,3,20,-2,0
16,101642,2024,3,2,3,31,29,0,1,0.175438596,11,1,10,-1,0
14,101210,2024,3,2,3,31,29,0,2,0.526315789,11,3,20,0,0
13,102510,2025,4,13,3,31,29,0,1,0.140350877,11,1,8,-1,0
7,101961,2025,4,13,3,31,29,0,2,0.473684211,11,2,19,0,0
10,120431,2022,8,28,13,31,29,0,1,0.272727273,11,2,12,-1,0
7,118692,2022,8,28,13,31,29,0,2,0.727272727,11,3,20,0,1
15,120088,2023,7,30,13,31,29,0,1,0.136363636,11,1,6,-4,1
6,117520,2023,7,30,13,31,29,0,2,0.568181818,11,2,19,1,1
8,115525,2024,7,28,13,31,29,0,1,0.272727273,11,2,12,0,1
9,112671,2024,7,28,13,31,29,0,2,0.681818182,11,3,18,0,0
3,94430,2022,11,20,24,11,36,0,1,0.272727273,15,,,-1,1
3,92299,2022,11,20,24,11,36,0,2,0.6,15,,,-1,1
3,93256,2023,11,26,24,11,36,0,1,0.309090909,15,2,17,1,1
2,90958,2023,11,26,24,11,36,0,2,0.763636364,15,3,25,0,1
6,99099,2022,4,10,1,11,36,0,1,0.344827586,15,2,20,-4,1
18,132096,2023,4,2,1,11,36,1,1,0.017241379,15,3,1,0,1
18,131789,2023,4,2,1,11,36,0,2,0.034482759,15,2,1,0,1
6,98693,2024,3,24,1,11,36,0,1,0.24137931,15,2,14,-3,1
7,99440,2024,3,24,1,11,36,0,2,0.603448276,15,3,21,-2,1
20,113302,2022,7,10,70,11,36,0,1,0.014084507,15,2,1,0,0
13,119546,2023,7,2,70,11,36,0,1,0.028169014,15,2,2,1,1
6,74401,2023,7,2,70,11,36,0,2,0.352112676,15,2,25,-2,1
2,73267,2023,7,2,70,11,36,0,3,0.704225352,15,2,25,0,1
7,76283,2024,6,30,70,11,36,0,1,0.295774648,15,2,21,0,1
7,76263,2024,6,30,70,11,36,0,2,0.718309859,15,3,30,0,0
2,114994,2022,6,12,73,11,36,0,1,0.31372549,15,2,16,0,1
2,125661,2022,6,12,73,11,36,0,2,0.647058824,15,3,17,0,1
1,142994,2023,4,30,73,11,36,0,1,0.215686275,15,2,11,0,1
4,113398,2024,9,15,73,11,36,0,1,0.254901961,15,2,13,-1,1
2,102445,2022,3,20,3,11,36,0,1,0.263157895,15,1,18,1,0
2,101868,2022,3,20,3,11,36,0,2,0.578947368,15,2,18,0,0
4,100228,2022,3,20,3,11,36,0,3,0.754385965,15,1,13,0,0
1,101360,2023,3,5,3,11,36,0,1,0.298245614,15,1,20,0,0
2,100686,2023,3,5,3,11,36,0,2,0.596491228,15,1,19,0,0
3,100277,2024,3,2,3,11,36,0,1,0.210526316,15,1,15,-1,0
2,99365,2024,3,2,3,11,36,0,2,0.631578947,15,3,24,0,0
2,119070,2022,8,28,13,11,36,0,1,0.318181818,15,2,14,0,1
2,118272,2022,8,28,13,11,36,0,2,0.613636364,15,2,13,0,1
2,117632,2023,7,30,13,11,36,0,1,0.295454545,15,1,13,-1,0
2,116724,2023,7,30,13,11,36,0,2,0.659090909,15,2,16,0,1
5,114844,2024,7,28,13,11,36,0,1,0.25,15,2,11,-2,1
7,114682,2024,7,28,13,11,36,0,2,0.477272727,15,2,10,-2,1
8,112866,2024,7,28,13,11,36,0,3,0.954545455,15,3,21,0,1
8,95233,2022,11,20,24,3,37,0,1,0.345454545,3,,,1,1
17,93072,2023,11,26,24,3,37,0,1,0.127272727,3,2,7,-2,1
12,92484,2023,11,26,24,3,37,0,2,0.563636364,3,3,24,-1,1
9,99940,2022,4,10,1,3,37,0,1,0.362068966,3,2,21,-5,1
18,98806,2024,3,24,1,3,37,0,1,0.086206897,3,1,5,-1,1
15,97341,2024,3,24,1,3,37,0,2,0.5,3,3,24,-3,1
10,75868,2022,7,10,70,3,37,0,1,0.169014085,3,2,12,0,1
6,74955,2022,7,10,70,3,37,0,2,0.61971831,3,3,32,2,1
14,74904,2024,6,30,70,3,37,0,1,0.14084507,3,2,10,-2,1
12,75305,2024,6,30,70,3,37,0,2,0.521126761,3,3,27,-2,1
7,141174,2022,6,12,73,3,37,0,1,0.647058824,3,3,33,-1,1
15,113511,2024,9,15,73,3,37,0,1,0.960784314,3,3,50,0,1
18,106215,2022,3,20,3,3,37,0,1,0.298245614,3,2,17,-3,0
17,103359,2022,3,20,3,3,37,0,2,0.578947368,3,1,16,0,0
17,109227,2022,3,20,3,3,37,0,3,0.771929825,3,3,11,0,0
10,102173,2024,3,2,3,3,37,0,1,0.228070175,3,1,16,0,0
11,100595,2024,3,2,3,3,37,0,2,0.614035088,3,3,22,1,0
8,120518,2022,8,28,13,3,37,0,1,0.272727273,3,2,12,-1,1
10,119059,2022,8,28,13,3,37,0,2,0.727272727,3,3,20,-1,1
19,119336,2023,7,30,13,3,37,0,1,0.113636364,3,1,5,0,1
17,125575,2023,7,30,13,3,37,0,2,0.5,3,2,17,-5,1
17,115595,2024,7,28,13,3,37,0,1,0.181818182,3,1,8,-3,1
13,114387,2024,7,28,13,3,37,0,2,0.477272727,3,2,13,-3,1
5,93785,2022,11,20,24,63,28,0,1,0.272727273,5,,,0,0
5,92517,2022,11,20,24,63,28,0,2,0.709090909,5,,,-1,0
4,92471,2023,11,26,24,63,28,0,1,0.254545455,5,2,14,0,1
3,90962,2023,11,26,24,63,28,0,2,0.618181818,5,3,20,0,1
3,92057,2024,12,8,24,63,28,0,1,0.472727273,5,2,27,0,1
6,92081,2025,12,7,24,63,28,0,1,0.254545455,5,2,14,-1,1
3,101064,2022,4,10,1,63,28,0,1,0.396551724,5,2,23,-1,1
7,107537,2023,4,2,1,63,28,0,1,0.120689655,5,2,7,-6,1
11,96920,2024,3,24,1,63,28,0,1,0.137931034,5,2,8,-6,1
6,96343,2024,3,24,1,63,28,0,2,0.775862069,5,3,37,-1,1
4,168126,2025,3,16,1,63,28,1,1,0.034482759,5,,,0,1
4,162437,2025,3,16,1,63,28,1,2,0.051724138,5,,,0,1
4,156507,2025,3,16,1,63,28,0,3,0.068965517,5,,,0,1
4,135518,2025,3,16,1,63,28,0,4,0.586206897,5,4,34,0,1
8,106238,2025,3,16,1,63,28,0,5,0.75862069,5,3,10,-4,1
8,74853,2022,7,10,70,63,28,0,1,0.154929577,5,2,11,-4,0
9,75138,2022,7,10,70,63,28,0,2,0.563380282,5,3,29,0,1
11,119477,2023,7,2,70,63,28,0,1,0.028169014,5,2,2,1,1
11,80622,2023,7,2,70,63,28,0,2,0.197183099,5,2,14,0,1
9,74567,2023,7,2,70,63,28,0,3,0.577464789,5,3,27,0,1
3,75077,2024,6,30,70,63,28,0,1,0.309859155,5,2,22,0,1
4,75687,2024,6,30,70,63,28,0,2,0.647887324,5,2,24,-1,1
6,75249,2025,6,29,70,63,28,0,1,0.253521127,5,2,18,-1,1
5,74223,2025,6,29,70,63,28,0,2,0.633802817,5,2,27,0,1
4,124780,2022,6,12,73,63,28,0,1,0.176470588,5,2,9,1,1
3,129936,2022,6,12,73,63,28,0,2,0.647058824,5,3,24,0,1
5,150620,2023,4,30,73,63,28,0,1,0.215686275,5,,,2,1
8,112152,2023,4,30,73,63,28,0,2,0.960784314,5,3,38,0,1
6,114565,2024,9,15,73,63,28,0,1,0.235294118,5,2,12,0,1
2,108001,2025,9,21,73,63,28,0,1,0.764705882,5,3,39,0,1
3,103097,2022,3,20,3,63,28,0,1,0.263157895,5,1,18,2,0
5,101830,2022,3,20,3,63,28,0,2,0.578947368,5,3,19,0,0
5,108988,2022,3,20,3,63,28,0,3,0.789473684,5,2,12,1,0
7,104691,2023,3,5,3,63,28,0,1,0.228070175,5,1,16,-2,0
6,101035,2023,3,5,3,63,28,0,2,0.543859649,5,3,18,1,0
4,100515,2024,3,2,3,63,28,0,1,0.192982456,5,1,14,-2,0
5,99405,2024,3,2,3,63,28,0,2,0.543859649,5,3,20,-1,0
3,101867,2025,4,13,3,63,28,0,1,0.228070175,5,1,16,-1,0
2,111016,2025,4,13,3,63,28,0,2,0.561403509,5,2,19,0,0
3,119064,2022,8,28,13,63,28,0,1,0.295454545,5,2,13,0,1
3,117799,2022,8,28,13,63,28,0,2,0.659090909,5,2,16,-1,1
8,122178,2023,7,30,13,63,28,0,1,0.5,5,2,22,-2,0
7,114652,2024,7,28,13,63,28,0,1,0.227272727,5,2,10,-2,1
9,95416,2022,11,20,24,5,39,0,1,0.454545455,12,,,-1,1
13,75997,2022,7,10,70,5,39,0,1,0.281690141,12,3,21,-4,1
17,75580,2022,7,10,70,5,39,0,2,0.61971831,12,2,26,-2,1
7,129423,2022,6,12,73,5,39,0,1,0.176470588,12,2,10,1,1
4,119972,2022,8,28,13,5,39,0,1,0.318181818,12,2,15,1,1
6,119088,2022,8,28,13,5,39,0,2,0.75,12,3,19,0,1
3,94037,2022,11,20,24,55,31,0,1,0.309090909,18,,,0,1
3,92309,2022,11,20,24,55,31,0,2,0.709090909,18,,,0,1
6,93587,2023,11,26,24,55,31,0,1,0.418181818,18,3,23,0,1
11,91454,2023,11,26,24,55,31,0,2,1.018181818,18,3,33,-1,1
2,90842,2024,12,8,24,55,31,0,1,0.454545455,18,2,25,0,1
10,93531,2025,12,7,24,55,31,0,1,0.327272727,18,2,18,-3,1
8,108202,2023,4,2,1,55,31,0,1,0.120689655,18,2,7,-4,1
1,96310,2024,3,24,1,55,31,0,1,0.275862069,18,2,16,0,1
1,95510,2024,3,24,1,55,31,0,2,0.706896552,18,3,25,0,1
1,74792,2022,7,10,70,55,31,0,1,0.38028169,18,2,27,1,1
1,73683,2022,7,10,70,55,31,0,2,0.704225352,18,3,23,1,1
3,114713,2023,7,2,70,55,31,0,1,0.028169014,18,2,2,0,1
3,96838,2023,7,2,70,55,31,0,2,0.211267606,18,2,15,0,0
3,74510,2023,7,2,70,55,31,0,3,0.633802817,18,2,30,0,0
4,74879,2024,6,30,70,55,31,0,1,0.309859155,18,2,22,0,1
5,74811,2024,6,30,70,55,31,0,2,0.661971831,18,3,25,-2,1
3,150049,2023,4,30,73,55,31,0,1,0.215686275,18,,,1,1
1,113944,2024,9,15,73,55,31,0,1,0.333333333,18,2,17,1,1
3,109291,2025,9,21,73,55,31,0,1,0.529411765,18,2,32,-1,1
4,103029,2022,3,20,3,55,31,0,1,0.245614035,18,1,17,-1,0
1,101915,2022,3,20,3,55,31,0,2,0.578947368,18,1,19,0,0
2,99699,2022,3,20,3,55,31,0,3,0.771929825,18,2,11,1,0
4,103310,2023,3,5,3,55,31,0,1,0.228070175,18,1,16,0,0
4,101274,2023,3,5,3,55,31,0,2,0.543859649,18,3,18,0,0
2,99753,2024,3,2,3,55,31,0,1,0.245614035,18,1,17,0,0
3,99274,2024,3,2,3,55,31,0,2,0.614035088,18,3,21,0,0
5,102908,2025,4,13,3,55,31,0,1,0.245614035,18,1,17,0,0
6,123071,2025,4,13,3,55,31,0,2,0.561403509,18,2,18,0,0
20,103871,2025,4,13,3,55,31,0,3,0.771929825,18,3,12,-4,0
3,119054,2022,8,28,13,55,31,0,1,0.25,18,1,13,-2,1
4,118369,2022,8,28,13,55,31,0,2,0.568181818,18,2,14,-1,1
13,121147,2023,7,30,13,55,31,0,1,0.159090909,18,1,7,-3,1
3,113718,2024,7,28,13,55,31,0,1,0.454545455,18,3,20,-2,1
7,112560,2024,7,28,13,55,31,0,2,0.636363636,18,2,8,-2,1
13,95452,2022,11,20,24,18,27,0,1,0.236363636,6,,,-1,1
9,93566,2022,11,20,24,18,27,0,2,0.727272727,6,,,0,1
4,92915,2023,11,26,24,18,27,0,1,0.4,6,3,23,-1,1
8,91640,2023,11,26,24,18,27,0,2,0.763636364,6,3,21,-1,1
11,92854,2024,12,8,24,18,27,0,1,0.2,6,2,12,-1,1
12,92228,2024,12,8,24,18,27,0,2,0.581818182,6,3,22,-1,1
6,92323,2025,12,7,24,18,27,0,1,0.763636364,6,3,43,0,1
19,128743,2022,4,10,1,18,27,1,1,0.051724138,6,3,4,-1,1
19,133522,2022,4,10,1,18,27,0,2,0.068965517,6,2,3,0,1
12,113020,2022,4,10,1,18,27,0,3,0.396551724,6,3,19,-2,1
12,97362,2024,3,24,1,18,27,0,1,0.137931034,6,2,9,-5,1
8,97526,2024,3,24,1,18,27,0,2,0.637931034,6,3,30,-1,1
11,169481,2025,3,16,1,18,27,1,1,0.034482759,6,,,0,1
11,163938,2025,3,16,1,18,27,1,2,0.051724138,6,,,0,1
11,154871,2025,3,16,1,18,27,0,3,0.068965517,6,,,0,1
11,122766,2025,3,16,1,18,27,0,4,0.568965517,6,4,29,1,1
10,104738,2025,3,16,1,18,27,0,5,0.75862069,6,3,12,1,1
7,76375,2022,7,10,70,18,27,0,1,0.408450704,6,2,31,-2,1
12,75146,2022,7,10,70,18,27,0,2,0.676056338,6,3,20,-2,1
8,115392,2023,7,2,70,18,27,0,1,0.028169014,6,2,2,1,1
6,97489,2023,7,2,70,18,27,0,2,0.211267606,6,2,15,1,0
12,74734,2023,7,2,70,18,27,0,3,0.507042254,6,3,21,0,1
10,73830,2023,7,2,70,18,27,0,4,0.76056338,6,3,18,-1,1
11,76301,2024,6,30,70,18,27,0,1,0.281690141,6,2,21,0,1
11,74734,2024,6,30,70,18,27,0,2,0.605633803,6,2,23,0,1
15,78405,2025,6,29,70,18,27,0,1,0.366197183,6,2,27,-6,1
14,75636,2025,6,29,70,18,27,0,2,0.746478873,6,3,28,-1,1
14,115740,2022,6,12,73,18,27,0,1,0.588235294,6,3,31,0,1
6,153847,2023,4,30,73,18,27,0,1,0.215686275,6,,,0,1
20,131014,2024,9,15,73,18,27,0,1,0.019607843,6,2,2,0,1
18,115365,2024,9,15,73,18,27,0,2,0.431372549,6,3,22,0,1
14,110968,2025,9,21,73,18,27,0,1,0.725490196,6,2,40,-3,1
12,104384,2022,3,20,3,18,27,0,1,0.315789474,6,1,18,-2,0
14,103895,2022,3,20,3,18,27,0,2,0.666666667,6,1,20,0,0
14,133896,2022,3,20,3,18,27,0,3,0.789473684,6,2,7,1,0
4,102841,2023,3,5,3,18,27,0,1,0.263157895,6,1,18,-1,0
8,101467,2023,3,5,3,18,27,0,2,0.526315789,6,3,15,0,0
19,102112,2024,3,2,3,18,27,0,1,0.157894737,6,1,9,-1,0
13,100710,2024,3,2,3,18,27,0,2,0.473684211,6,3,18,-1,0
14,102834,2025,4,13,3,18,27,0,1,0.210526316,6,1,12,-2,0
17,130743,2025,4,13,3,18,27,0,2,0.561403509,6,2,20,-1,0
6,120620,2022,8,28,13,18,27,0,1,0.340909091,6,2,16,1,0
13,120327,2022,8,28,13,18,27,0,2,0.590909091,6,2,12,-2,1
11,123672,2023,7,30,13,18,27,0,1,0.454545455,6,2,20,-3,0
11,115246,2024,7,28,13,18,27,0,1,0.272727273,6,2,12,-2,1
11,94716,2022,11,20,24,22,26,0,1,0.254545455,14,,,0,1
10,93259,2022,11,20,24,22,26,0,2,0.690909091,14,,,0,1
1,92567,2023,11,26,24,22,26,0,1,0.4,14,2,22,0,1
10,92597,2024,12,8,24,22,26,0,1,0.4,14,2,22,0,1
6,91781,2025,12,7,24,22,26,0,1,0.581818182,14,3,32,0,0
17,100786,2022,4,10,1,22,26,0,1,0.310344828,14,2,18,-6,1
13,123458,2023,4,2,1,22,26,0,2,0.931034483,14,3,46,0,1
9,98210,2024,3,24,1,22,26,0,1,0.155172414,14,2,9,-3,1
9,97156,2024,3,24,1,22,26,0,2,0.620689655,14,3,27,0,1
6,168219,2025,3,16,1,22,26,1,1,0.034482759,14,,,0,1
6,162920,2025,3,16,1,22,26,1,2,0.051724138,14,,,0,1
6,155195,2025,3,16,1,22,26,0,3,0.068965517,14,,,0,1
6,110651,2025,3,16,1,22,26,0,4,0.568965517,14,4,33,0,1
11,153312,2025,3,16,1,22,26,0,5,0.810344828,14,,,-7,1
13,76360,2022,7,10,70,22,26,0,1,0.366197183,14,3,26,-6,1
15,75742,2022,7,10,70,22,26,0,2,0.647887324,14,2,20,-3,1
20,106390,2023,7,2,70,22,26,1,1,0.014084507,14,2,1,0,0
20,122360,2023,7,2,70,22,26,0,2,0.028169014,14,3,1,0,1
15,75745,2023,7,2,70,22,26,0,3,0.323943662,14,3,22,-2,0
14,76722,2023,7,2,70,22,26,0,4,0.605633803,14,3,20,-1,1
8,76247,2024,6,30,70,22,26,0,1,0.295774648,14,2,21,1,1
8,75062,2024,6,30,70,22,26,0,2,0.61971831,14,3,23,0,1
12,75031,2025,6,29,70,22,26,0,1,0.253521127,14,2,18,-2,1
14,79039,2025,6,29,70,22,26,0,2,0.422535211,14,3,12,0,0
15,74033,2025,6,29,70,22,26,0,3,0.845070423,14,2,30,0,0
8,129852,2022,6,12,73,22,26,0,1,0.176470588,14,2,9,1,1
7,113098,2022,6,12,73,22,26,0,2,0.745098039,14,3,29,-1,0
10,112849,2023,4,30,73,22,26,0,1,0.156862745,14,2,8,0,1
19,121304,2024,9,15,73,22,26,0,1,0.235294118,14,2,13,-2,1
3,108763,2025,9,21,73,22,26,0,1,0.745098039,14,3,38,0,1
7,103687,2022,3,20,3,22,26,0,1,0.263157895,14,1,15,2,0
11,102805,2022,3,20,3,22,26,0,2,0.50877193,14,2,14,-1,0
10,101039,2022,3,20,3,22,26,0,3,0.771929825,14,1,15,0,0
14,103749,2023,3,5,3,22,26,0,1,0.175438596,14,1,10,0,0
11,102227,2023,3,5,3,22,26,0,2,0.456140351,14,3,16,0,0
11,110350,2023,3,5,3,22,26,0,3,0.701754386,14,3,14,1,0
4,101138,2024,3,2,3,22,26,0,1,0.245614035,14,1,14,1,0
10,100835,2024,3,2,3,22,26,0,2,0.596491228,14,3,20,0,0
7,102023,2025,4,13,3,22,26,0,1,0.192982456,14,1,14,2,0
7,123721,2025,4,13,3,22,26,0,2,0.561403509,14,2,21,0,0
10,119545,2022,8,28,13,22,26,0,1,0.409090909,14,3,18,-3,0
11,117806,2022,8,28,13,22,26,0,2,0.681818182,14,2,12,-1,0
6,118292,2023,7,30,13,22,26,0,1,0.204545455,14,2,9,0,1
6,117947,2023,7,30,13,22,26,0,2,0.545454545,14,2,15,0,1
16,116408,2024,7,28,13,22,26,0,1,0.340909091,14,2,15,-6,1
1,94033,2022,11,20,24,33,28,0,1,0.363636364,9,,,0,1
1,92558,2023,11,26,24,33,28,0,1,0.290909091,9,2,16,0,1
1,91391,2023,11,26,24,33,28,0,2,0.781818182,9,3,27,0,1
3,91857,2024,12,8,24,33,28,0,1,0.527272727,9,2,29,0,0
1,91365,2025,12,7,24,33,28,0,1,0.418181818,9,2,23,0,1
7,99466,2022,4,10,1,33,28,0,1,0.310344828,9,2,18,-5,1
2,169322,2025,3,16,1,33,28,1,1,0.034482759,9,,,0,1
2,162145,2025,3,16,1,33,28,1,2,0.051724138,9,,,0,1
2,155775,2025,3,16,1,33,28,0,3,0.068965517,9,,,0,1
3,128598,2025,3,16,1,33,28,0,4,0.586206897,9,4,34,0,1
5,112606,2025,3,16,1,33,28,0,5,0.793103448,9,2,12,-4,1
3,74194,2022,7,10,70,33,28,0,1,0.183098592,9,2,13,-1,1
3,74594,2022,7,10,70,33,28,0,2,0.507042254,9,3,23,-1,1
2,84577,2022,7,10,70,33,28,0,3,0.816901408,9,3,22,0,1
1,115479,2023,7,2,70,33,28,0,1,0.028169014,9,2,2,0,1
1,73519,2023,7,2,70,33,28,0,2,0.338028169,9,2,24,0,1
1,73176,2023,7,2,70,33,28,0,3,0.690140845,9,3,25,0,1
1,72228,2023,7,2,70,33,28,0,4,0.971830986,9,2,20,0,1
1,74679,2024,6,30,70,33,28,0,1,0.323943662,9,2,23,0,1
1,73860,2024,6,30,70,33,28,0,2,0.718309859,9,3,28,0,0
4,98003,2024,6,30,70,33,28,0,3,0.901408451,9,2,16,-3,1
1,113486,2022,6,12,73,33,28,0,1,0.352941176,9,2,18,0,1
1,119285,2022,6,12,73,33,28,0,2,0.647058824,9,3,15,0,1
3,110778,2023,4,30,73,33,28,0,1,0.196078431,9,2,10,-2,1
5,114511,2024,9,15,73,33,28,0,1,0.235294118,9,2,12,0,1
7,112022,2024,9,15,73,33,28,0,2,0.960784314,9,3,37,-1,1
1,108754,2025,9,21,73,33,28,0,1,0.784313725,9,3,40,0,1
2,102050,2022,3,20,3,33,28,0,1,0.245614035,9,1,17,0,0
2,101537,2022,3,20,3,33,28,0,2,0.526315789,9,1,16,0,0
2,99787,2022,3,20,3,33,28,0,3,0.754385965,9,2,13,0,0
1,101295,2023,3,5,3,33,28,0,1,0.245614035,9,1,17,0,0
1,100964,2023,3,5,3,33,28,0,2,0.631578947,9,1,22,0,0
1,99896,2024,3,2,3,33,28,0,1,0.298245614,9,1,20,0,0
1,99234,2024,3,2,3,33,28,0,2,0.649122807,9,3,20,0,0
7,103293,2025,4,13,3,33,28,0,1,0.175438596,9,1,13,0,0
11,102488,2025,4,13,3,33,28,0,2,0.456140351,9,3,16,-2,0
1,117820,2022,8,28,13,33,28,0,1,0.340909091,9,1,15,0,1
1,117131,2022,8,28,13,33,28,0,2,0.681818182,9,2,15,0,1
1,117166,2023,7,30,13,33,28,0,1,0.318181818,9,1,14,0,1
1,115882,2023,7,30,13,33,28,0,2,0.681818182,9,2,16,0,1
8,114655,2024,7,28,13,33,28,0,1,0.227272727,9,2,10,0,1
4,112026,2024,7,28,13,33,28,0,2,0.636363636,9,3,18,-1,1
11,94884,2022,11,20,24,24,27,0,1,0.272727273,7,,,2,1
13,94872,2022,11,20,24,24,27,0,2,0.8,7,,,-2,1
16,93899,2023,11,26,24,24,27,0,1,0.236363636,7,2,13,0,1
15,92936,2023,11,26,24,24,27,0,2,0.672727273,7,3,24,-1,1
12,92863,2024,12,8,24,24,27,0,1,0.218181818,7,2,12,1,1
10,91750,2024,12,8,24,24,27,0,2,0.709090909,7,3,27,0,0
16,100432,2022,4,10,1,24,27,0,1,0.362068966,7,2,21,-4,1
16,129967,2023,4,2,1,24,27,0,1,0.017241379,7,1,1,0,1
12,130457,2023,4,2,1,24,27,0,3,0.931034483,7,3,53,0,1
17,98941,2024,3,24,1,24,27,0,1,0.103448276,7,1,6,0,1
17,116595,2024,3,24,1,24,27,0,2,0.603448276,7,3,30,-6,0
15,78502,2022,7,10,70,24,27,0,1,0.338028169,7,3,24,-7,1
12,75507,2022,7,10,70,24,27,0,2,0.647887324,7,3,22,-1,0
14,119743,2023,7,2,70,24,27,0,1,0.028169014,7,2,2,1,1
17,74846,2023,7,2,70,24,27,0,2,0.112676056,7,2,8,-3,0
14,75378,2023,7,2,70,24,27,0,3,0.535211268,7,3,30,-1,1
19,76494,2024,6,30,70,24,27,0,1,0.394366197,7,3,28,-1,1
19,75549,2024,6,30,70,24,27,0,2,0.718309859,7,2,23,0,1
13,132706,2022,6,12,73,24,27,0,1,0.176470588,7,2,9,1,1
8,155375,2023,4,30,73,24,27,0,1,0.215686275,7,,,0,1
17,113797,2024,9,15,73,24,27,0,1,0.666666667,7,3,35,-1,1
8,103106,2022,3,20,3,24,27,0,1,0.263157895,7,1,15,4,0
9,102700,2022,3,20,3,24,27,0,2,0.649122807,7,2,22,-1,0
9,121756,2022,3,20,3,24,27,0,3,0.789473684,7,2,8,2,0
12,103870,2023,3,5,3,24,27,0,1,0.210526316,7,1,12,2,0
10,102096,2023,3,5,3,24,27,0,2,0.561403509,7,3,20,-1,0
13,101967,2023,3,5,3,24,27,0,3,0.947368421,7,1,25,0,0
16,101849,2024,3,2,3,24,27,0,1,0.157894737,7,1,9,-3,0
11,100675,2024,3,2,3,24,27,0,2,0.49122807,7,3,19,-1,0
10,119834,2022,8,28,13,24,27,0,1,0.318181818,7,2,14,-2,0
13,119296,2022,8,28,13,24,27,0,2,0.636363636,7,2,14,-2,1
14,119727,2023,7,30,13,24,27,0,1,0.159090909,7,1,7,-1,0
14,117989,2023,7,30,13,24,27,0,2,0.568181818,7,2,18,-2,0
14,93719,2023,11,26,24,27,39,0,1,0.236363636,12,2,13,0,1
14,92455,2023,11,26,24,27,39,0,2,0.6,12,3,20,0,1
7,92490,2024,12,8,24,27,39,0,1,0.236363636,12,2,13,-1,1
18,91972,2025,12,7,24,27,39,0,1,0.127272727,12,1,7,0,1
13,92159,2025,12,7,24,27,39,0,2,0.763636364,12,3,35,-2,1
11,114498,2024,3,24,1,27,39,0,1,0.293103448,12,3,17,-5,1
11,97314,2024,3,24,1,27,39,0,2,0.603448276,12,2,18,-1,1
12,169398,2025,3,16,1,27,39,1,1,0.034482759,12,,,0,1
12,164223,2025,3,16,1,27,39,1,2,0.051724138,12,,,0,1
12,155137,2025,3,16,1,27,39,0,3,0.068965517,12,,,0,1
12,125643,2025,3,16,1,27,39,0,4,0.568965517,12,4,33,1,1
12,106696,2025,3,16,1,27,39,0,5,0.75862069,12,2,11,0,1
7,115606,2023,7,2,70,27,39,0,1,0.028169014,12,2,5,0,1
13,75584,2023,7,2,70,27,39,0,2,0.154929577,12,2,14,-5,1
10,75111,2024,6,30,70,27,39,0,1,0.154929577,12,2,11,-2,1
8,74884,2024,6,30,70,27,39,0,2,0.549295775,12,3,28,0,1
16,75086,2025,6,29,70,27,39,0,1,0.169014085,12,1,12,0,1
8,74479,2025,6,29,70,27,39,0,2,0.591549296,12,2,30,-1,1
16,113182,2023,4,30,73,27,39,0,1,0.960784314,12,3,49,-2,0
8,114956,2024,9,15,73,27,39,0,1,0.294117647,12,2,15,-1,1
15,111613,2025,9,21,73,27,39,0,1,0.705882353,12,3,36,-2,1
17,105242,2022,3,20,3,27,39,0,1,0.333333333,12,1,19,0,0
17,103481,2022,3,20,3,27,39,0,2,0.649122807,12,1,18,0,0
20,113374,2022,3,20,3,27,39,0,3,0.771929825,12,2,7,0,0
16,106790,2023,3,5,3,27,39,0,1,0.192982456,12,1,14,-1,0
16,102931,2023,3,5,3,27,39,0,2,0.456140351,12,3,15,0,0
16,118689,2023,3,5,3,27,39,0,3,0.701754386,12,3,14,1,0
20,113555,2024,3,2,3,27,39,0,1,0.01754386,12,1,1,0,0
19,100798,2024,3,2,3,27,39,0,2,0.350877193,12,3,19,-2,0
15,99569,2024,3,2,3,27,39,0,3,0.719298246,12,3,21,-1,0
20,101958,2025,4,13,3,27,39,0,1,0.087719298,12,1,5,0,0
17,102461,2025,4,13,3,27,39,0,2,0.473684211,12,2,22,0,0
12,119370,2023,7,30,13,27,39,0,1,0.272727273,12,2,12,-4,0
13,117257,2023,7,30,13,27,39,0,2,0.545454545,12,1,12,-1,0
19,115520,2024,7,28,13,27,39,0,1,0.159090909,12,2,7,-3,0
16,114819,2024,7,28,13,27,39,0,2,0.454545455,12,3,13,-1,1
6,92981,2023,11,26,24,81,25,0,1,0.236363636,3,2,13,-1,1
3,91580,2023,11,26,24,81,25,0,2,0.654545455,3,3,23,1,1
18,92201,2024,12,8,24,81,25,0,1,0.072727273,3,2,4,0,0
9,91627,2024,12,8,24,81,25,0,2,0.581818182,3,3,28,0,0
2,92723,2025,12,7,24,81,25,0,1,0.745454545,3,3,41,-1,1
11,122932,2023,4,2,1,81,25,0,2,0.931034483,3,3,46,0,1
6,96501,2024,3,24,1,81,25,0,1,0.155172414,3,2,9,-2,1
4,96781,2024,3,24,1,81,25,0,2,0.672413793,3,3,31,-1,1
3,169543,2025,3,16,1,81,25,1,1,0.034482759,3,,,0,1
3,162307,2025,3,16,1,81,25,1,2,0.051724138,3,,,0,1
3,155725,2025,3,16,1,81,25,0,3,0.068965517,3,,,0,1
2,127025,2025,3,16,1,81,25,0,4,0.586206897,3,4,34,0,1
15,191082,2025,3,16,1,81,25,0,5,0.75862069,3,,,-13,1
15,119278,2023,7,2,70,81,25,0,1,0.028169014,3,2,2,1,1
13,82818,2023,7,2,70,81,25,0,2,0.197183099,3,2,14,0,1
17,77056,2023,7,2,70,81,25,0,3,0.309859155,3,3,8,-2,0
15,74404,2023,7,2,70,81,25,0,4,0.577464789,3,3,19,1,1
2,74343,2024,6,30,70,81,25,0,1,0.352112676,3,2,25,-1,1
4,73906,2024,6,30,70,81,25,0,2,0.718309859,3,3,26,-1,1
1,74728,2025,6,29,70,81,25,0,1,0.338028169,3,2,24,0,1
1,73038,2025,6,29,70,81,25,0,2,0.746478873,3,3,29,0,1
12,112245,2023,4,30,73,81,25,0,1,0.156862745,3,2,8,-1,1
3,113511,2024,9,15,73,81,25,0,1,0.294117647,3,2,15,-1,1
5,100739,2024,3,2,3,81,25,0,1,0.210526316,3,1,15,2,0
5,99211,2024,3,2,3,81,25,0,2,0.596491228,3,3,22,1,0
1,101297,2025,4,13,3,81,25,0,1,0.245614035,3,1,17,0,0
1,108702,2025,4,13,3,81,25,0,2,0.561403509,3,2,18,0,0
6,114271,2024,7,28,13,81,25,0,1,0.25,3,2,11,-2,1
1,111738,2024,7,28,13,81,25,0,2,0.681818182,3,3,19,0,0
16,94856,2023,11,26,24,2,25,0,1,0.272727273,1,2,16,-2,1
16,92696,2023,11,26,24,2,25,0,2,0.745454545,1,3,26,0,1
17,131454,2023,4,2,1,2,25,1,1,0.017241379,1,3,1,0,1
19,133100,2023,4,2,1,2,25,0,2,0.034482759,1,2,1,-2,1
17,99313,2023,4,2,1,2,25,0,4,0.620689655,1,2,28,-1,1
15,644225,2023,4,2,1,2,25,0,6,0.948275862,1,,,0,0
16,119986,2023,7,2,70,2,25,0,1,0.028169014,1,2,2,1,1
15,84472,2023,7,2,70,2,25,0,2,0.197183099,1,2,14,-1,1
11,75763,2023,7,2,70,2,25,0,3,0.605633803,1,3,29,-2,1
20,84605,2024,6,30,70,2,25,0,1,0.014084507,1,2,1,0,0
20,76433,2024,6,30,70,2,25,0,2,0.281690141,1,2,25,0,1
20,75384,2024,6,30,70,2,25,0,3,0.690140845,1,3,29,0,1
17,114130,2023,4,30,73,2,25,0,1,0.156862745,1,2,8,-4,1
10,103880,2023,3,5,3,2,25,0,1,0.210526316,1,1,12,1,0
10,102409,2023,3,5,3,2,25,0,2,0.526315789,1,1,18,0,0
12,113753,2023,3,5,3,2,25,0,3,0.701754386,1,3,10,1,0
20,161860,2024,3,2,3,2,25,0,1,0.175438596,1,,,-7,0
20,100535,2024,3,2,3,2,25,0,2,0.49122807,1,3,18,0,0
20,99817,2024,3,2,3,2,25,0,3,0.701754386,1,3,12,0,0
11,118908,2023,7,30,13,2,25,0,1,0.181818182,1,1,8,-1,0
16,118451,2023,7,30,13,2,25,0,2,0.545454545,1,2,16,0,0
17,117484,2023,7,30,13,2,25,0,3,0.772727273,1,2,10,1,1
18,115636,2024,7,28,13,2,25,0,1,0.181818182,1,2,8,0,1
19,115713,2024,7,28,13,2,25,0,2,0.545454545,1,2,16,-2,0
19,130710,2024,12,8,24,43,23,0,1,0.054545455,2,2,3,-1,0
15,92799,2025,12,7,24,43,23,0,1,0.272727273,2,2,15,1,1
20,93034,2025,12,7,24,43,23,0,2,0.727272727,2,3,25,-1,1
14,76450,2025,6,29,70,43,23,0,1,0.183098592,2,1,13,-4,1
14,75693,2025,6,29,70,43,23,0,2,0.549295775,2,2,26,0,1
10,113374,2024,9,15,73,43,23,0,1,0.196078431,2,2,10,-2,1
16,110980,2025,9,21,73,43,23,0,1,0.31372549,2,2,16,-3,1
13,93037,2024,12,8,24,61,23,0,1,0.4,3,2,22,-2,1
12,103531,2025,4,13,3,61,23,0,1,0.157894737,3,1,9,-1,0
9,101908,2025,4,13,3,61,23,0,2,0.49122807,3,2,19,0,0
9,94497,2024,12,8,24,30,24,1,1,0.418181818,17,2,23,-3,1
16,116467,2024,12,8,24,30,24,0,2,0.436363636,17,3,1,-7,1
18,92322,2024,12,8,24,30,24,0,3,0.527272727,17,3,6,0,0
12,95813,2025,12,7,24,30,24,0,1,0.381818182,17,2,21,-6,0
16,169299,2025,3,16,1,30,24,1,1,0.034482759,17,,,0,1
16,165341,2025,3,16,1,30,24,1,2,0.051724138,17,,,0,1
16,160393,2025,3,16,1,30,24,0,3,0.068965517,17,,,0,1
15,128342,2025,3,16,1,30,24,0,4,0.568965517,17,4,32,0,1
6,75289,2025,6,29,70,30,24,0,1,0.450704225,17,2,32,-1,1
5,109664,2025,9,21,73,30,24,0,1,0.392156863,17,2,26,-2,1
14,103984,2025,4,13,3,30,24,0,1,0.245614035,17,2,14,-5,0
16,129302,2025,4,13,3,30,24,0,2,0.561403509,17,3,18,1,0
13,92815,2025,12,7,24,12,19,0,1,0.581818182,13,3,32,-2,1
13,169800,2025,3,16,1,12,19,1,1,0.034482759,13,,,0,1
13,164755,2025,3,16,1,12,19,1,2,0.051724138,13,,,0,1
13,154598,2025,3,16,1,12,19,0,3,0.068965517,13,,,0,1
10,112635,2025,3,16,1,12,19,0,4,0.568965517,13,4,33,1,1
11,108276,2025,3,16,1,12,19,0,5,0.75862069,13,3,11,-1,1
6,109655,2025,9,21,73,12,19,0,1,0.352941176,13,2,23,-2,1
4,101886,2025,4,13,3,12,19,0,1,0.210526316,13,1,15,0,0
8,101768,2025,4,13,3,12,19,0,2,0.473684211,13,2,15,0,0
12,124952,2025,4,13,3,12,19,0,3,0.561403509,13,1,8,0,0
15,128264,2025,7,27,13,12,19,0,1,0.272727273,13,4,12,1,0
14,112443,2025,7,27,13,12,19,0,2,0.681818182,13,2,18,0,1
14,92668,2025,12,7,24,38,21,0,1,0.254545455,5,2,14,-2,1
17,169798,2025,3,16,1,38,21,1,1,0.034482759,5,,,0,1
17,165379,2025,3,16,1,38,21,1,2,0.051724138,5,,,0,1
17,165744,2025,3,16,1,38,21,0,3,0.068965517,5,,,0,1
16,130476,2025,3,16,1,38,21,0,4,0.672413793,5,4,35,-1,1
16,122961,2025,3,16,1,38,21,0,5,0.75862069,5,,,0,1
15,74538,2025,6,29,70,38,21,0,1,0.154929577,5,1,11,-4,1
10,74083,2025,6,29,70,38,21,0,2,0.549295775,5,3,28,-1,1
12,114465,2024,9,15,73,38,21,0,1,0.274509804,5,2,14,-4,1
14,110592,2025,9,21,73,38,21,0,1,0.549019608,5,3,28,-1,1
7,102596,2025,4,13,3,38,21,0,1,0.245614035,5,1,14,0,0
10,126958,2025,4,13,3,38,21,0,2,0.561403509,5,3,18,-1,0
12,127261,2025,7,27,13,38,21,0,1,0.272727273,5,2,1,-1,0
6,91832,2025,12,7,24,5,21,0,1,0.272727273,4,2,15,1,1
14,169572,2025,3,16,1,5,21,1,1,0.034482759,4,,,0,1
14,165217,2025,3,16,1,5,21,1,2,0.051724138,4,,,0,1
14,154822,2025,3,16,1,5,21,0,3,0.068965517,4,,,0,1
13,130326,2025,3,16,1,5,21,0,4,0.568965517,4,4,33,1,0
13,112582,2025,3,16,1,5,21,0,5,0.75862069,4,2,11,0,0
7,75062,2025,6,29,70,5,21,0,1,0.295774648,4,2,21,-2,1
5,74673,2025,6,29,70,5,21,0,2,0.690140845,4,2,28,0,1
11,110598,2025,9,21,73,5,21,0,1,0.509803922,4,3,26,-2,1
15,102993,2025,4,13,3,5,21,0,1,0.228070175,4,2,13,-3,0
18,132657,2025,4,13,3,5,21,0,2,0.561403509,4,3,19,0,0
10,127969,2025,7,27,13,5,21,0,1,0.272727273,4,4,12,0,1
9,92759,2025,12,7,24,6,21,0,1,0.254545455,11,2,14,-1,1
15,102317,2025,6,29,70,6,21,0,1,0.028169014,11,1,2,1,1
10,74834,2025,6,29,70,6,21,0,2,0.394366197,11,2,26,-2,1
8,109300,2025,9,21,73,6,21,0,1,0.568627451,11,2,33,-1,1
18,102366,2025,4,13,3,6,21,0,1,0.105263158,11,1,6,-2,0
13,102076,2025,4,13,3,6,21,0,2,0.49122807,11,2,22,1,0
17,98544,2023,4,2,1,21,31,0,2,0.775862069,9,2,37,-1,1
16,467991,2023,4,2,1,21,31,0,4,0.948275862,9,,,0,0
18,120121,2023,7,2,70,21,31,0,1,0.028169014,9,2,2,1,1
18,75255,2023,7,2,70,21,31,0,2,0.169014085,9,2,12,0,1
15,74889,2023,7,2,70,21,31,0,3,0.521126761,9,3,25,0,1
17,105460,2023,3,5,3,21,31,0,1,0.192982456,9,1,11,1,0
12,102309,2023,3,5,3,21,31,0,2,0.473684211,9,3,16,2,0
13,127109,2025,7,27,13,43,23,0,1,0.272727273,2,4,12,0,0
18,112935,2025,7,27,13,43,23,0,2,0.636363636,2,2,16,-1,1
18,130058,2025,7,27,13,10,30,0,1,0.25,11,4,11,-4,0
4,125678,2025,7,27,13,6,21,0,1,0.295454545,11,4,13,4,0
19,114281,2025,7,27,13,6,21,0,2,0.454545455,11,2,10,0,1
14,130597,2025,7,27,13,44,41,0,1,0.25,5,4,11,-1,1
19,129695,2025,7,27,13,27,39,0,1,0.25,12,4,11,-4,0
10,112356,2025,7,27,13,27,39,0,2,0.727272727,12,2,21,0,0
9,127696,2025,7,27,13,30,24,0,1,0.272727273,17,4,12,0,1
3,125855,2025,7,27,13,16,28,0,1,0.272727273,16,4,12,0,0
1,122962,2025,7,27,13,4,26,0,1,0.295454545,5,4,13,0,0
10,129199,2025,7,27,13,31,29,0,1,0.295454545,11,4,13,1,0
2,126019,2025,7,27,13,81,25,0,1,0.272727273,3,4,12,-1,0
5,126737,2025,7,27,13,63,28,0,1,0.272727273,5,4,12,0,0
14,127240,2025,7,27,13,55,31,0,1,0.272727273,18,4,12,1,0
18,113275,2025,7,27,13,55,31,0,2,0.590909091,18,2,14,0,0
16,127592,2025,7,27,13,18,27,0,1,0.272727273,6,4,12,1,0
3,127153,2025,7,27,13,22,26,0,1,0.295454545,14,4,13,3,1
4,125626,2025,7,27,13,33,28,0,1,0.272727273,9,4,12,0,0
5,93751,2022,7,3,9,14,45,0,2,0.634615385,18,2,32,0,0
5,115176,2022,7,3,9,14,45,0,3,0.75,18,3,6,1,0
13,95528,2022,7,3,9,10,30,0,2,0.307692308,11,1,15,0,0
1,92256,2022,7,3,9,44,41,0,2,0.634615385,5,2,32,0,0
3,97878,2022,7,3,9,44,41,0,3,0.75,5,3,6,0,0
8,94509,2022,7,3,9,6,31,0,2,0.365384615,6,1,18,0,0
11,123623,2022,7,3,9,6,31,0,3,0.75,6,2,20,0,0
1,92501,2022,7,3,9,16,28,0,2,0.480769231,16,2,24,0,0
9,94249,2022,7,3,9,20,33,0,2,0.423076923,8,2,23,0,0
10,94418,2022,7,3,9,47,27,0,2,0.365384615,12,2,18,1,0
9,125584,2022,7,3,9,47,27,0,3,0.75,12,3,20,0,0
4,93055,2022,7,3,9,4,26,0,2,0.653846154,5,2,34,0,0
5,123070,2022,7,3,9,4,26,0,3,0.769230769,5,3,6,1,0
7,94779,2022,7,3,9,31,29,0,2,0.423076923,11,1,21,0,0
4,95398,2022,7,3,9,11,36,0,2,0.096153846,15,2,4,0,0
4,108331,2022,7,3,9,11,36,0,3,0.75,15,2,35,0,0
9,95067,2022,7,3,9,3,37,0,2,0.384615385,3,2,20,2,0
13,99926,2022,7,3,9,3,37,0,3,0.615384615,3,3,12,0,0
13,102605,2022,7,3,9,3,37,0,4,0.730769231,3,1,6,1,0
1,92799,2022,7,3,9,55,31,0,2,0.384615385,18,2,19,0,0
1,98360,2022,7,3,9,55,31,0,3,0.75,18,3,19,1,0
14,95004,2022,7,3,9,18,27,0,2,0.288461538,6,2,16,0,0
9,125554,2022,7,3,9,18,27,0,3,0.769230769,6,3,26,3,0
14,95184,2022,7,3,9,22,26,0,2,0.346153846,14,1,17,0,0
14,110542,2022,7,3,9,22,26,0,3,0.730769231,14,3,21,1,0
1,94701,2022,7,3,9,33,28,0,2,0.230769231,9,2,11,0,0
6,94122,2022,7,3,9,33,28,0,3,0.442307692,9,2,11,0,0
8,123868,2022,7,3,9,33,28,0,4,0.75,9,3,16,0,0
12,94962,2022,7,3,9,5,39,0,2,0.115384615,12,1,5,2,0
7,122980,2022,7,3,9,5,39,0,3,0.75,12,2,35,0,0
6,96773,2023,7,9,9,23,30,0,1,0.615384615,19,2,32,1,0
4,123930,2023,7,9,9,14,45,0,1,0.634615385,18,2,34,0,0
12,105965,2023,7,9,9,77,36,0,1,0.615384615,10,3,32,1,0
14,93299,2023,7,9,9,21,31,0,1,0.519230769,9,1,27,0,0
16,110128,2023,7,9,9,21,31,0,2,0.615384615,9,2,5,1,0
6,93391,2023,7,9,9,10,30,0,1,0.596153846,11,2,31,-1,0
3,123496,2023,7,9,9,44,41,0,1,0.634615385,5,2,33,0,0
16,94412,2023,7,9,9,27,39,0,1,0.134615385,12,3,7,0,0
18,114146,2023,7,9,9,27,39,0,2,0.615384615,12,2,25,1,0
4,92475,2023,7,9,9,16,28,0,1,0.346153846,16,2,18,0,0
7,96215,2023,7,9,9,16,28,0,2,0.615384615,16,3,14,2,0
2,122830,2023,7,9,9,4,26,0,1,0.634615385,5,2,33,0,0
8,92235,2023,7,9,9,11,36,0,1,0.538461538,15,2,28,0,0
3,92563,2023,7,9,9,81,25,0,1,0.557692308,3,2,29,0,0
4,92504,2023,7,9,9,63,28,0,1,0.538461538,5,1,31,0,0
5,93181,2023,7,9,9,55,31,0,1,0.5,18,2,26,0,0
12,92723,2023,7,9,9,2,25,0,1,0.557692308,1,2,29,1,0
11,92933,2023,7,9,9,18,27,0,1,0.596153846,6,2,32,0,0
14,94769,2023,7,9,9,22,26,0,1,0.269230769,14,1,14,-1,0
13,107079,2023,7,9,9,22,26,0,2,0.615384615,14,3,18,2,0
1,118611,2023,7,9,9,33,28,0,1,0.634615385,9,2,33,0,0
15,93170,2023,7,9,9,24,27,0,1,0.461538462,7,2,24,0,0
15,124102,2023,7,9,9,24,27,0,2,0.634615385,7,3,9,2,0
15,140527,2023,7,9,9,24,27,0,3,0.692307692,7,1,3,2,0
9,107754,2024,7,7,9,23,30,0,1,0.519230769,19,2,27,2,0
10,97843,2024,7,7,9,23,30,0,2,0.730769231,19,4,11,0,0
7,108513,2024,7,7,9,14,45,0,1,0.519230769,18,2,27,2,0
8,98684,2024,7,7,9,14,45,0,2,0.730769231,18,4,11,0,0
15,109533,2024,7,7,9,77,36,0,1,0.5,10,2,26,0,0
14,99987,2024,7,7,9,77,36,0,2,0.711538462,10,4,11,0,0
2,105183,2024,7,7,9,44,41,0,1,0.519230769,5,2,27,1,0
2,97220,2024,7,7,9,44,41,0,2,0.730769231,5,4,11,0,0
7,101853,2024,7,7,9,27,39,0,1,0.5,12,2,26,0,0
6,97245,2024,7,7,9,27,39,0,2,0.75,12,4,13,0,0
7,105868,2024,7,7,9,16,28,0,1,0.365384615,16,2,19,0,0
16,105912,2024,7,7,9,16,28,0,2,0.519230769,16,4,8,0,0
15,98357,2024,7,7,9,16,28,0,3,0.711538462,16,4,10,0,0
10,111325,2024,7,7,9,20,33,0,1,0.519230769,8,2,27,2,0
11,102038,2024,7,7,9,20,33,0,2,0.711538462,8,4,10,0,0
1,104806,2024,7,7,9,4,26,0,1,0.519230769,5,2,27,0,0
1,96746,2024,7,7,9,4,26,0,2,0.75,5,4,12,0,0
18,101731,2024,7,7,9,31,29,0,1,0.365384615,11,1,19,0,0
18,99736,2024,7,7,9,31,29,0,2,0.403846154,11,4,2,0,0
18,118710,2024,7,7,9,31,29,0,3,0.5,11,2,5,0,0
16,99440,2024,7,7,9,31,29,0,4,0.730769231,11,4,12,1,0
15,101868,2024,7,7,9,11,36,0,1,0.365384615,15,3,19,0,0
16,105224,2024,7,7,9,11,36,0,2,0.538461538,15,4,9,1,0
16,99697,2024,7,7,9,11,36,0,3,0.711538462,15,4,9,0,0
16,90795,2024,7,7,9,11,36,0,4,0.903846154,15,2,10,0,0
1,112976,2024,7,7,9,81,25,0,1,0.538461538,3,2,28,2,0
4,97106,2024,7,7,9,81,25,0,2,0.730769231,3,4,10,1,0
14,104813,2024,7,7,9,3,37,0,1,0.5,3,2,26,0,0
12,100483,2024,7,7,9,3,37,0,2,0.711538462,3,4,11,1,0
4,107698,2024,7,7,9,63,28,0,1,0.519230769,5,2,27,0,0
6,102481,2024,7,7,9,55,31,0,1,0.5,18,2,26,0,0
2,96802,2024,7,7,9,55,31,0,2,0.75,18,4,13,3,0
5,89434,2024,7,7,9,55,31,0,3,0.961538462,18,3,11,0,0
11,112246,2024,7,7,9,2,25,0,1,0.519230769,1,2,27,2,0
11,98811,2024,7,7,9,2,25,0,2,0.730769231,1,4,11,2,0
8,100784,2024,7,7,9,18,27,0,1,0.5,6,2,26,1,0
7,97759,2024,7,7,9,18,27,0,2,0.75,6,4,13,0,0
8,108126,2024,7,7,9,22,26,0,1,0.519230769,14,2,27,2,0
9,98670,2024,7,7,9,22,26,0,2,0.730769231,14,4,11,0,0
5,101491,2024,7,7,9,33,28,0,1,0.5,9,2,26,0,0
3,95963,2024,7,7,9,33,28,0,2,0.730769231,9,4,12,0,0
19,94235,2024,7,7,9,24,27,0,1,0.230769231,7,1,12,0,0
19,106313,2024,7,7,9,24,27,0,2,0.365384615,7,2,7,0,0
19,105113,2024,7,7,9,24,27,0,3,0.5,7,4,7,0,0
18,101608,2024,7,7,9,24,27,0,4,0.711538462,7,4,11,0,0
3,109680,2025,7,6,9,23,30,0,1,0.230769231,19,4,12,5,0
5,99220,2025,7,6,9,23,30,0,2,0.807692308,19,4,30,6,0
6,109478,2025,7,6,9,14,45,0,1,0.211538462,18,4,11,1,0
7,100138,2025,7,6,9,14,45,0,2,0.711538462,18,4,26,1,0
4,133229,2025,7,6,9,12,19,0,1,0.038461538,13,4,2,4,0
14,99336,2025,7,6,9,12,19,0,2,0.173076923,13,3,7,0,0
7,154329,2025,7,6,9,12,19,0,3,0.384615385,13,,,8,0
15,103208,2025,7,6,9,38,21,0,1,0.192307692,5,3,10,2,0
10,99875,2025,7,6,9,38,21,0,2,0.788461538,5,4,31,1,0
5,109240,2025,7,6,9,10,30,0,1,0.211538462,11,4,11,1,0
7,102126,2025,7,6,9,10,30,0,2,0.788461538,11,4,30,-1,0
14,102691,2025,7,6,9,6,21,0,1,0.192307692,11,2,10,2,0
4,109484,2025,7,6,9,44,41,0,1,0.211538462,5,4,11,0,0
4,99553,2025,7,6,9,44,41,0,2,0.788461538,5,4,30,0,0
8,105879,2025,7,6,9,27,39,0,1,0.173076923,12,4,9,2,0
3,98912,2025,7,6,9,27,39,0,2,0.807692308,12,4,33,0,0
13,100092,2025,7,6,9,16,28,0,1,0.192307692,16,2,10,2,0
4,102920,2025,7,6,9,16,28,0,2,0.807692308,16,4,32,4,0
2,107735,2025,7,6,9,4,26,0,1,0.211538462,5,4,11,1,0
1,98903,2025,7,6,9,4,26,0,2,0.846153846,5,4,33,1,0
6,123452,2025,7,6,9,31,29,0,1,0.346153846,11,4,18,1,0
7,99944,2025,7,6,9,31,29,0,2,0.807692308,11,4,24,5,0
1,105937,2025,7,6,9,81,25,0,1,0.211538462,3,4,11,0,0
1,97478,2025,7,6,9,81,25,0,2,0.826923077,3,4,32,0,0
10,102417,2025,7,6,9,63,28,0,1,0.192307692,5,3,10,3,0
6,101178,2025,7,6,9,63,28,0,2,0.730769231,5,4,28,2,0
7,109688,2025,7,6,9,55,31,0,1,0.211538462,18,4,11,1,0
9,100264,2025,7,6,9,55,31,0,2,0.788461538,18,4,30,0,0
8,131987,2025,7,6,9,18,27,0,1,0.115384615,6,4,6,3,0
5,100708,2025,7,6,9,18,27,0,2,0.192307692,6,1,4,6,0
5,100951,2025,7,6,9,18,27,0,3,0.788461538,6,4,31,0,0
9,111245,2025,7,6,9,22,26,0,1,0.211538462,14,4,11,2,0
13,103258,2025,7,6,9,22,26,0,2,0.788461538,14,4,30,0,0
3,110497,2025,7,6,9,33,28,0,1,0.211538462,9,4,11,-1,0
6,99465,2025,7,6,9,33,28,0,2,0.788461538,9,4,30,1,0
17,96605,2022,6,19,7,23,30,0,1,0.257142857,19,2,18,-5,0
15,104349,2022,6,19,7,23,30,0,2,0.685714286,19,3,30,-1,0
6,95395,2022,6,19,7,14,45,0,1,0.4,18,2,28,-2,0
6,124106,2022,6,19,7,14,45,0,2,0.7,18,3,21,0,0
8,124303,2022,6,19,7,77,36,0,1,0.7,10,3,49,-1,0
20,95629,2022,6,19,7,10,30,0,1,0.071428571,11,2,5,-2,0
17,95091,2022,6,19,7,10,30,0,2,0.514285714,11,3,31,-3,0
6,115793,2022,6,19,7,44,41,0,1,0.128571429,5,2,9,-2,0
4,95224,2022,6,19,7,44,41,0,2,0.628571429,5,3,35,-1,0
18,121354,2022,6,19,7,6,31,0,1,0.128571429,6,2,9,-2,0
18,101659,2022,6,19,7,6,31,0,2,0.528571429,6,3,28,0,0
9,97332,2022,6,19,7,16,28,0,1,0.585714286,16,3,41,-3,0
20,109469,2022,6,19,7,20,33,0,1,0.1,8,2,7,-14,0
18,122715,2022,6,19,7,4,26,0,1,0.271428571,5,3,19,-6,0
17,96060,2022,6,19,7,4,26,0,2,0.6,5,3,23,-1,0
7,98624,2022,6,19,7,31,29,0,1,0.271428571,11,2,19,-1,0
5,116379,2022,6,19,7,31,29,0,2,0.7,11,3,30,0,0
12,105448,2022,6,19,7,3,37,0,1,0.271428571,3,2,19,-3,0
11,121580,2022,6,19,7,3,37,0,2,0.7,3,3,30,-1,0
5,94337,2022,6,19,7,63,28,0,1,0.271428571,5,2,19,-1,0
4,93940,2022,6,19,7,63,28,0,2,0.642857143,5,3,26,-1,0
3,119333,2022,6,19,7,55,31,0,1,0.285714286,18,2,20,-2,0
2,96178,2022,6,19,7,55,31,0,2,0.7,18,3,29,-1,0
13,96353,2022,6,19,7,18,27,0,1,0.671428571,6,3,47,-5,0
15,122570,2022,6,19,7,22,26,0,1,0.128571429,14,2,9,0,1
15,95346,2022,6,19,7,22,26,0,2,0.671428571,14,3,38,-3,1
3,112842,2022,6,19,7,33,28,0,1,0.128571429,9,2,9,-2,0
2,93478,2022,6,19,7,33,28,0,2,0.614285714,9,3,34,-1,0
19,95658,2022,6,19,7,5,39,0,1,0.071428571,12,2,6,-4,1
14,105322,2022,6,19,7,5,39,0,2,0.271428571,12,3,14,1,0
10,101392,2022,6,19,7,24,27,0,1,0.271428571,7,2,19,-2,0
10,123273,2022,6,19,7,24,27,0,2,0.7,7,3,30,-1,0
12,110487,2023,6,18,7,23,30,0,1,0.171428571,19,2,13,-3,0
3,99554,2023,6,18,7,14,45,0,1,0.171428571,18,2,12,0,0
2,93629,2023,6,18,7,14,45,0,2,0.585714286,18,3,29,0,0
11,94981,2023,6,18,7,77,36,0,1,0.514285714,10,3,36,-3,0
18,96152,2023,6,18,7,21,31,0,1,0.157142857,9,2,11,-2,0
19,94364,2023,6,18,7,21,31,0,2,0.714285714,9,3,39,0,0
19,100116,2023,6,18,7,10,30,0,1,0.142857143,11,1,10,-6,0
18,95144,2023,6,18,7,10,30,0,2,0.471428571,11,3,23,-3,0
2,99747,2023,6,18,7,44,41,0,1,0.171428571,5,2,12,0,0
3,93525,2023,6,18,7,44,41,0,2,0.571428571,5,3,28,0,0
15,95932,2023,6,18,7,27,39,0,1,0.157142857,12,2,11,-8,0
19,95300,2023,6,18,7,27,39,0,2,0.442857143,12,3,20,-4,0
4,94031,2023,6,18,7,16,28,0,1,0.557142857,16,2,39,0,0
18,139693,2023,6,18,7,20,33,0,1,0.5,8,3,35,-6,0
18,94636,2023,6,18,7,20,33,0,2,0.757142857,8,2,18,0,0
11,111157,2023,6,18,7,4,26,0,1,0.171428571,5,2,12,-4,0
12,93992,2023,6,18,7,4,26,0,2,0.5,5,3,23,-3,0
8,104968,2023,6,18,7,31,29,0,1,0.171428571,11,2,12,-3,0
10,94988,2023,6,18,7,31,29,0,2,0.514285714,11,3,24,-3,0
6,93650,2023,6,18,7,11,36,0,1,0.528571429,15,3,37,0,1
6,92565,2023,6,18,7,11,36,0,2,0.971428571,15,2,31,0,1
10,105429,2023,6,18,7,81,25,0,1,0.171428571,3,2,12,-4,0
13,94059,2023,6,18,7,81,25,0,2,0.528571429,3,3,25,-6,1
19,218446,2023,6,18,7,63,28,0,1,0.171428571,5,,,-15,0
5,94125,2023,6,18,7,55,31,0,1,0.542857143,18,2,38,0,0
17,94477,2023,6,18,7,18,27,0,1,0.157142857,6,2,11,-4,0
19,94832,2023,6,18,7,18,27,0,2,0.385714286,6,3,16,-3,0
20,109276,2023,6,18,7,22,26,0,1,0.014285714,14,2,1,0,0
17,98070,2023,6,18,7,22,26,0,2,0.485714286,14,3,33,-4,0
1,93192,2023,6,18,7,33,28,0,1,0.171428571,9,2,12,0,0
1,93273,2023,6,18,7,33,28,0,2,0.6,9,3,30,0,0
13,108723,2023,6,18,7,24,27,0,1,0.171428571,7,2,12,1,0
19,98634,2023,6,18,7,24,27,0,2,0.457142857,7,3,20,-5,0
11,125520,2024,6,9,7,23,30,0,1,0.357142857,19,4,25,-2,0
10,103196,2024,6,9,7,23,30,0,2,0.628571429,19,4,19,0,0
6,118830,2024,6,9,7,14,45,0,1,0.357142857,18,4,25,-1,0
6,100506,2024,6,9,7,14,45,0,2,0.628571429,18,4,19,-1,0
16,102791,2024,6,9,7,77,36,0,1,0.6,10,4,42,-4,0
16,128873,2024,6,9,7,10,30,0,1,0.357142857,11,4,25,-1,0
18,102267,2024,6,9,7,10,30,0,2,0.571428571,11,4,15,-4,0
5,117109,2024,6,9,7,44,41,0,1,0.357142857,5,4,25,1,0
7,101297,2024,6,9,7,44,41,0,2,0.614285714,5,4,18,-2,0
5,122455,2024,6,9,7,44,41,0,3,0.771428571,5,2,11,0,0
19,112143,2024,6,9,7,27,39,0,1,0.171428571,12,5,12,-11,0
18,123974,2024,6,9,7,27,39,0,2,0.357142857,12,4,13,0,0
12,102199,2024,6,9,7,27,39,0,3,0.628571429,12,4,19,-1,0
12,124957,2024,6,9,7,16,28,0,1,0.357142857,16,4,25,-1,0
19,138750,2024,6,9,7,16,28,0,2,0.4,16,4,3,-7,0
19,133657,2024,6,9,7,16,28,0,3,0.442857143,16,3,3,0,0
12,115419,2024,6,9,7,20,33,0,1,0.1,8,5,7,-8,0
15,129198,2024,6,9,7,20,33,0,2,0.357142857,8,4,18,-2,0
17,102982,2024,6,9,7,20,33,0,3,0.585714286,8,4,16,-2,0
14,122225,2024,6,9,7,20,33,0,4,0.771428571,8,2,13,0,0
2,141631,2024,6,9,7,4,26,0,1,0.371428571,5,4,26,-1,1
1,99824,2024,6,9,7,4,26,0,2,0.671428571,5,4,21,0,0
9,101451,2024,6,9,7,31,29,0,1,0.628571429,11,4,44,0,0
17,136416,2024,6,9,7,11,36,0,1,0.357142857,15,4,25,-1,0
15,102006,2024,6,9,7,11,36,0,2,0.614285714,15,4,18,-2,0
4,113473,2024,6,9,7,81,25,0,1,0.357142857,3,4,25,0,0
4,99843,2024,6,9,7,81,25,0,2,0.628571429,3,4,19,0,1
10,133160,2024,6,9,7,3,37,0,1,0.371428571,3,4,26,-3,0
13,101557,2024,6,9,7,3,37,0,2,0.614285714,3,4,17,-2,0
3,112822,2024,6,9,7,63,28,0,1,0.357142857,5,4,25,0,0
3,101273,2024,6,9,7,63,28,0,2,0.642857143,5,4,20,-1,0
4,121423,2024,6,9,7,63,28,0,3,0.771428571,5,3,9,-1,0
14,131649,2024,6,9,7,55,31,0,1,0.357142857,18,4,25,-2,0
14,101456,2024,6,9,7,55,31,0,2,0.614285714,18,4,18,-2,0
9,123142,2024,6,9,7,18,27,0,1,0.357142857,6,4,25,-1,0
8,101732,2024,6,9,7,18,27,0,2,0.628571429,6,4,19,0,0
7,102357,2024,6,9,7,22,26,0,1,0.628571429,14,4,44,-1,0
2,113896,2024,6,9,7,33,28,0,1,0.357142857,9,4,25,0,0
2,100612,2024,6,9,7,33,28,0,2,0.642857143,9,4,20,-1,0
19,111792,2024,6,9,7,24,27,0,1,0.342857143,7,4,24,0,0
18,145739,2024,6,9,7,24,27,0,2,0.628571429,7,4,20,-6,0
17,120698,2024,6,9,7,24,27,0,3,0.742857143,7,2,8,1,0
20,97229,2025,6,15,7,23,30,0,1,0.328571429,19,2,27,-8,0
17,95382,2025,6,15,7,14,45,0,1,0.214285714,18,2,19,-12,0
12,92749,2025,6,15,7,14,45,0,2,0.714285714,18,3,36,-4,1
8,99524,2025,6,15,7,14,45,1,3,0.942857143,18,3,17,0,1
7,113748,2025,6,15,7,14,45,1,4,0.957142857,18,3,18,1,1
7,99322,2025,6,15,7,14,45,1,5,0.971428571,18,3,19,0,1
7,96570,2025,6,15,7,14,45,0,6,0.985714286,18,3,20,0,1
9,93110,2025,6,15,7,12,19,0,1,0.2,13,2,20,-8,1
5,91064,2025,6,15,7,12,19,0,2,0.542857143,13,3,25,-3,1
3,104172,2025,6,15,7,12,19,1,3,0.957142857,13,3,29,0,1
3,123303,2025,6,15,7,12,19,1,4,0.971428571,13,3,30,0,1
3,123706,2025,6,15,7,12,19,0,5,0.985714286,13,3,31,0,1
20,95065,2025,6,15,7,38,21,0,1,0.257142857,5,2,18,-8,0
12,118863,2025,6,15,7,38,21,1,2,0.942857143,5,3,48,0,0
11,116832,2025,6,15,7,38,21,1,3,0.957142857,5,1,1,1,1
11,107065,2025,6,15,7,38,21,0,4,0.971428571,5,1,2,0,1
18,93551,2025,6,15,7,5,21,0,1,0.7,4,3,49,-5,0
15,113764,2025,6,15,7,5,21,1,2,0.942857143,4,2,17,0,1
14,117562,2025,6,15,7,5,21,1,3,0.957142857,4,2,18,1,1
14,106030,2025,6,15,7,5,21,0,4,0.971428571,4,2,19,0,1
19,95104,2025,6,15,7,43,23,0,1,0.2,2,2,19,-9,0
14,114740,2025,6,15,7,43,23,1,2,0.942857143,2,3,52,0,1
13,116920,2025,6,15,7,43,23,1,3,0.957142857,2,3,53,1,1
13,105834,2025,6,15,7,43,23,0,4,0.971428571,2,3,54,0,1
17,93243,2025,6,15,7,10,30,0,1,0.757142857,11,3,53,-1,0
16,116515,2025,6,15,7,10,30,1,2,0.942857143,11,2,13,0,1
15,115427,2025,6,15,7,10,30,1,3,0.957142857,11,2,14,1,1
15,106730,2025,6,15,7,10,30,0,4,0.971428571,11,2,15,0,1
20,96665,2025,6,15,7,6,21,0,1,0.185714286,11,2,13,-8,0
17,121476,2025,6,15,7,6,21,1,2,0.942857143,11,3,54,0,0
16,115651,2025,6,15,7,6,21,1,3,0.957142857,11,1,4,1,1
16,102898,2025,6,15,7,6,21,0,4,0.971428571,11,1,5,0,1
9,94965,2025,6,15,7,44,41,0,1,0.214285714,5,2,15,-7,0
7,92121,2025,6,15,7,44,41,0,2,0.642857143,5,3,30,0,1
6,115724,2025,6,15,7,44,41,1,3,0.957142857,5,3,22,1,1
6,110618,2025,6,15,7,44,41,1,4,0.971428571,5,3,23,0,1
6,97731,2025,6,15,7,44,41,0,5,0.985714286,5,3,24,0,1
17,94418,2025,6,15,7,27,39,0,1,0.271428571,12,2,19,-10,1
9,101808,2025,6,15,7,27,39,1,2,0.942857143,12,3,47,0,1
8,112362,2025,6,15,7,27,39,1,3,0.957142857,12,3,48,1,1
8,99180,2025,6,15,7,27,39,1,4,0.971428571,12,3,49,0,1
8,96855,2025,6,15,7,27,39,0,5,0.985714286,12,3,50,0,1
20,93990,2025,6,15,7,30,24,0,1,0.542857143,17,3,39,-5,1
6,91967,2025,6,15,7,16,28,0,1,0.4,16,3,28,-3,1
6,91576,2025,6,15,7,16,28,0,2,0.757142857,16,3,25,-5,0
5,112504,2025,6,15,7,16,28,1,3,0.957142857,16,2,14,1,1
5,114938,2025,6,15,7,16,28,1,4,0.971428571,16,2,15,0,1
5,110800,2025,6,15,7,16,28,0,5,0.985714286,16,2,16,0,1
5,92211,2025,6,15,7,4,26,0,1,0.414285714,5,3,29,-4,1
6,91610,2025,6,15,7,4,26,0,2,0.671428571,5,2,18,-5,1
10,93711,2025,6,15,7,31,29,0,1,0.814285714,11,3,57,-2,0
10,106256,2025,6,15,7,31,29,1,2,0.942857143,11,2,9,0,1
9,117088,2025,6,15,7,31,29,1,3,0.957142857,11,2,10,1,1
9,123241,2025,6,15,7,31,29,0,4,0.971428571,11,2,11,0,1
7,92816,2025,6,15,7,81,25,0,1,0.228571429,3,2,16,-6,1
5,91172,2025,6,15,7,81,25,0,2,0.642857143,3,3,29,-4,1
4,111532,2025,6,15,7,81,25,1,3,0.957142857,3,3,22,0,0
4,118447,2025,6,15,7,81,25,1,4,0.971428571,3,1,4,0,1
4,123935,2025,6,15,7,81,25,0,5,0.985714286,3,1,5,0,1
7,92351,2025,6,15,7,63,28,0,1,0.185714286,5,2,16,-6,1
4,92340,2025,6,15,7,63,28,0,2,0.6,5,3,30,-3,0
1,103500,2025,6,15,7,63,28,1,3,0.957142857,5,3,25,0,1
1,126769,2025,6,15,7,63,28,1,4,0.971428571,5,3,26,0,1
1,123817,2025,6,15,7,63,28,0,5,0.985714286,5,3,27,0,1
11,93451,2025,6,15,7,55,31,0,1,0.814285714,18,3,57,-1,1
11,105951,2025,6,15,7,55,31,1,2,0.942857143,18,2,9,0,1
10,117479,2025,6,15,7,55,31,1,3,0.957142857,18,2,10,1,1
10,123540,2025,6,15,7,55,31,0,4,0.971428571,18,2,11,0,1
19,93814,2025,6,15,7,18,27,0,1,0.342857143,6,3,25,-6,0
19,103588,2025,6,15,7,18,27,0,2,0.728571429,6,3,28,-3,0
18,123386,2025,6,15,7,18,27,1,3,0.942857143,6,2,15,0,0
17,115934,2025,6,15,7,18,27,1,4,0.957142857,6,1,1,1,1
17,101811,2025,6,15,7,18,27,0,5,0.971428571,6,1,2,0,1
15,94420,2025,6,15,7,22,26,0,1,0.8,14,3,56,-3,0
13,113199,2025,6,15,7,22,26,1,2,0.942857143,14,2,10,0,1
12,117242,2025,6,15,7,22,26,1,3,0.957142857,14,2,11,1,1
12,106349,2025,6,15,7,22,26,0,4,0.971428571,14,2,12,0,1
9,93110,2025,6,15,7,33,28,0,1,0.171428571,9,2,15,-7,0
6,91919,2025,6,15,7,33,28,0,2,0.528571429,9,3,25,-4,1
2,103478,2025,6,15,7,33,28,1,3,0.957142857,9,3,30,0,1
2,125276,2025,6,15,7,33,28,1,4,0.971428571,9,3,31,0,1
2,123745,2025,6,15,7,33,28,0,5,0.985714286,9,3,32,0,1
14,108371,2024,4,21,17,23,30,0,1,0.160714286,19,2,9,-2,1
14,136590,2024,4,21,17,23,30,0,2,0.410714286,19,2,14,0,0
7,108048,2024,4,21,17,14,45,0,1,0.196428571,18,2,11,-3,1
5,137153,2024,4,21,17,14,45,0,2,0.410714286,18,3,12,-1,1
7,105953,2024,4,21,17,14,45,0,3,0.767857143,18,1,20,-2,1
11,107977,2024,4,21,17,77,36,0,1,0.160714286,10,2,9,-1,1
11,108722,2024,4,21,17,10,30,0,1,0.196428571,11,2,11,-2,0
19,138481,2024,4,21,17,10,30,0,2,0.410714286,11,3,12,-1,0
16,106348,2024,4,21,17,10,30,0,3,0.678571429,11,3,15,-3,1
17,107942,2024,4,21,17,44,41,0,1,0.160714286,5,1,9,-1,1
14,122779,2024,4,21,17,44,41,0,2,0.375,5,2,12,-2,1
15,109064,2024,4,21,17,27,39,0,1,0.142857143,12,2,8,-4,1
9,137671,2024,4,21,17,27,39,0,2,0.410714286,12,3,15,0,1
4,111969,2024,4,21,17,16,28,0,1,0.375,16,2,21,-1,1
14,110262,2024,4,21,17,20,33,0,1,0.303571429,8,3,17,-4,1
17,160588,2024,4,21,17,20,33,0,2,0.482142857,8,,,-4,0
2,138646,2024,4,21,17,4,26,0,1,0.392857143,5,2,22,0,1
13,108290,2024,4,21,17,31,29,0,1,0.160714286,11,2,9,-2,1
11,137613,2024,4,21,17,31,29,0,2,0.410714286,11,3,14,-1,1
3,106866,2024,4,21,17,11,36,0,1,0.232142857,15,2,13,-1,1
2,137492,2024,4,21,17,11,36,0,2,0.410714286,15,3,10,1,1
6,107643,2024,4,21,17,81,25,0,1,0.285714286,3,2,16,-2,1
5,137575,2024,4,21,17,81,25,0,2,0.428571429,3,2,9,1,1
9,107802,2024,4,21,17,3,37,0,1,0.25,3,2,14,-2,1
8,108016,2024,4,21,17,63,28,0,1,0.196428571,5,2,11,-1,1
7,138074,2024,4,21,17,63,28,0,2,0.410714286,5,2,12,-1,1
5,107863,2024,4,21,17,55,31,0,1,0.303571429,18,2,17,-1,1
12,109069,2024,4,21,17,2,25,0,1,0.214285714,1,1,12,0,1
12,135351,2024,4,21,17,2,25,0,2,0.428571429,1,2,12,3,1
9,107714,2024,4,21,17,18,27,0,1,0.160714286,6,1,9,0,0
9,118981,2024,4,21,17,18,27,0,2,0.375,6,2,12,-1,1
19,155395,2024,4,21,17,18,27,0,3,0.464285714,6,,,-9,0
17,105678,2024,4,21,17,18,27,0,4,0.625,6,2,9,-1,0
19,108430,2024,4,21,17,22,26,0,1,0.142857143,14,1,8,-3,1
13,137702,2024,4,21,17,22,26,0,2,0.410714286,14,2,15,-1,1
1,106526,2024,4,21,17,33,28,0,1,0.232142857,9,2,13,0,1
1,137938,2024,4,21,17,33,28,0,2,0.410714286,9,3,10,0,1
20,109478,2024,4,21,17,24,27,0,1,0.142857143,7,2,8,-1,1
16,137614,2024,4,21,17,24,27,0,2,0.410714286,7,3,15,-1,0
15,106271,2024,4,21,17,24,27,0,3,0.714285714,7,3,17,-2,1
6,104708,2025,3,23,17,23,30,0,1,0.357142857,19,2,20,-3,1
8,104270,2025,3,23,17,12,19,0,1,0.214285714,13,2,12,-1,1
9,103800,2025,3,23,17,38,21,0,1,0.464285714,5,3,26,-1,1
20,123657,2025,3,23,17,5,21,0,1,0.017857143,4,2,1,0,1
18,103974,2025,3,23,17,5,21,0,2,0.464285714,4,3,25,0,1
16,103650,2025,3,23,17,61,23,0,1,0.196428571,3,2,11,-1,1
16,104157,2025,3,23,17,10,30,0,1,0.178571429,11,2,10,-4,1
10,103647,2025,3,23,17,6,21,0,1,0.214285714,11,2,12,-2,1
12,102744,2025,3,23,17,6,21,0,2,0.589285714,11,3,21,-1,1
5,103379,2025,3,23,17,44,41,0,1,0.232142857,5,2,13,-1,1
6,102451,2025,3,23,17,44,41,0,2,0.660714286,5,3,24,-1,1
18,105305,2025,3,23,17,27,39,0,1,0.357142857,12,2,20,-2,1
10,103770,2025,3,23,17,30,24,0,1,0.321428571,17,3,18,1,1
17,102962,2025,3,23,17,30,24,0,2,0.535714286,17,2,12,-1,1
2,102863,2025,3,23,17,16,28,0,1,0.267857143,16,2,15,1,1
1,103269,2025,3,23,17,4,26,0,1,0.267857143,5,2,15,0,1
13,104123,2025,3,23,17,31,29,0,1,0.196428571,11,2,11,-3,1
2,102626,2025,3,23,17,81,25,0,1,0.25,3,2,14,-1,0
4,103046,2025,3,23,17,63,28,0,1,0.25,5,2,14,-1,1
10,105121,2025,3,23,17,55,31,0,1,0.303571429,18,2,17,-4,1
8,102687,2025,3,23,17,18,27,0,1,0.642857143,6,3,36,-1,1
11,103845,2025,3,23,17,22,26,0,1,0.196428571,14,2,11,-3,1
10,102522,2025,3,23,17,22,26,0,2,0.625,14,3,24,-2,1
17,106754,2025,3,23,17,22,26,0,3,0.821428571,14,3,11,-3,0
6,102610,2025,3,23,17,33,28,0,1,0.232142857,9,2,13,0,1
9,81291,2022,9,4,39,23,30,0,1,0.291666667,19,2,21,-2,1
12,80291,2022,9,4,39,23,30,0,2,0.583333333,19,2,21,0,1
12,93432,2022,9,4,39,23,30,1,3,0.763888889,19,3,13,0,1
12,129526,2022,9,4,39,23,30,0,4,0.777777778,19,1,1,0,1
12,80795,2022,9,4,39,14,45,0,1,0.166666667,18,1,12,0,1
7,91663,2022,9,4,39,14,45,0,2,0.652777778,18,3,35,0,1
8,107501,2022,9,4,39,14,45,0,3,0.791666667,18,1,10,0,1
11,81455,2022,9,4,39,77,36,0,1,0.222222222,10,1,16,-1,1
14,80292,2022,9,4,39,77,36,0,2,0.472222222,10,1,18,-1,1
16,82423,2022,9,4,39,10,30,0,1,0.152777778,11,1,14,-3,1
13,80952,2022,9,4,39,10,30,0,2,0.444444444,11,2,22,-1,1
11,105276,2022,9,4,39,10,30,1,3,0.777777778,11,3,25,0,1
11,103309,2022,9,4,39,10,30,0,4,0.791666667,11,1,1,0,1
2,79848,2022,9,4,39,44,41,0,1,0.402777778,5,2,29,-1,1
2,103647,2022,9,4,39,44,41,0,2,0.666666667,5,3,19,0,1
1,139436,2022,9,4,39,44,41,0,3,0.791666667,5,2,9,1,1
15,82198,2022,9,4,39,6,31,0,1,0.180555556,6,1,13,2,1
20,80950,2022,9,4,39,6,31,0,2,0.361111111,6,2,13,0,1
18,88734,2022,9,4,39,6,31,1,3,0.75,6,3,28,1,1
18,155750,2022,9,4,39,6,31,0,4,0.763888889,6,,,0,1
2,80164,2022,9,4,39,16,28,0,1,0.236111111,16,1,20,0,1
3,81109,2022,9,4,39,16,28,0,2,0.625,16,2,28,-1,1
4,96578,2022,9,4,39,16,28,1,3,0.777777778,16,3,11,0,1
4,128137,2022,9,4,39,16,28,0,4,0.791666667,16,1,4,0,1
12,81438,2022,9,4,39,20,33,0,1,0.194444444,8,2,14,2,1
16,81059,2022,9,4,39,20,33,0,2,0.472222222,8,2,20,1,0
17,105471,2022,9,4,39,20,33,0,3,0.652777778,8,3,13,0,0
15,109584,2022,9,4,39,20,33,0,4,0.777777778,8,1,12,1,1
10,81444,2022,9,4,39,47,27,0,1,0.180555556,12,2,13,0,0
15,83640,2022,9,4,39,47,27,0,2,0.458333333,12,2,20,-1,1
16,103655,2022,9,4,39,47,27,0,3,0.652777778,12,3,14,0,1
13,109555,2022,9,4,39,47,27,0,4,0.777777778,12,1,11,1,1
5,80833,2022,9,4,39,4,26,0,1,0.236111111,5,2,17,0,1
6,90208,2022,9,4,39,4,26,0,2,0.652777778,5,3,30,0,1
7,104705,2022,9,4,39,4,26,0,3,0.791666667,5,1,13,0,1
6,81031,2022,9,4,39,31,29,0,1,0.25,11,1,18,0,1
9,108772,2022,9,4,39,31,29,1,2,0.777777778,11,3,38,-2,1
9,123650,2022,9,4,39,31,29,0,3,0.791666667,11,1,4,0,1
6,80281,2022,9,4,39,11,36,0,1,0.194444444,15,1,19,-1,1
5,79441,2022,9,4,39,11,36,0,2,0.555555556,15,2,26,0,1
5,96708,2022,9,4,39,11,36,1,3,0.777777778,15,3,16,0,1
5,127915,2022,9,4,39,11,36,0,4,0.791666667,15,2,1,0,1
17,82628,2022,9,4,39,3,37,0,1,0.152777778,3,1,11,-1,1
19,80852,2022,9,4,39,3,37,0,2,0.375,3,2,16,-1,1
18,107517,2022,9,4,39,3,37,0,3,0.652777778,3,3,20,0,1
17,105119,2022,9,4,39,3,37,1,4,0.763888889,3,1,8,0,1
17,128784,2022,9,4,39,3,37,0,5,0.777777778,3,1,1,0,1
2,79790,2022,9,4,39,63,28,0,1,0.430555556,5,2,31,0,1
3,107571,2022,9,4,39,63,28,0,2,0.666666667,5,3,17,0,1
2,138880,2022,9,4,39,63,28,0,3,0.791666667,5,2,9,1,1
4,80366,2022,9,4,39,55,31,0,1,0.194444444,18,1,17,-1,0
5,80161,2022,9,4,39,55,31,0,2,0.597222222,18,2,29,0,1
6,103506,2022,9,4,39,55,31,0,3,0.791666667,18,3,14,0,1
6,80529,2022,9,4,39,18,27,0,1,0.222222222,6,1,16,0,1
9,80393,2022,9,4,39,18,27,0,2,0.527777778,6,2,23,-1,1
10,107511,2022,9,4,39,18,27,1,3,0.777777778,6,3,19,0,1
10,119286,2022,9,4,39,18,27,0,4,0.791666667,6,1,4,0,1
11,81202,2022,9,4,39,22,26,0,1,0.180555556,14,1,16,0,1
11,80208,2022,9,4,39,22,26,1,2,0.583333333,14,2,30,-1,1
20,208313,2022,9,4,39,22,26,0,3,0.597222222,14,,,-9,0
1,79428,2022,9,4,39,33,28,0,1,0.25,9,1,18,0,1
1,99284,2022,9,4,39,33,28,0,2,0.666666667,9,2,30,0,1
1,86101,2022,9,4,39,33,28,1,3,0.777777778,9,3,8,0,1
3,154609,2022,9,4,39,33,28,0,4,0.791666667,9,,,-2,1
18,82119,2022,9,4,39,5,39,0,1,0.125,12,1,9,-1,1
14,80736,2022,9,4,39,5,39,0,2,0.486111111,12,2,27,1,1
15,104812,2022,9,4,39,5,39,0,3,0.666666667,12,3,14,0,1
14,110561,2022,9,4,39,5,39,0,4,0.777777778,12,1,8,1,1
15,81319,2022,9,4,39,24,27,0,1,0.166666667,7,1,12,-2,1
12,81990,2022,9,4,39,24,27,0,2,0.513888889,7,1,28,0,0
13,99384,2022,9,4,39,24,27,1,3,0.763888889,7,2,18,0,1
16,126368,2022,9,4,39,24,27,0,4,0.777777778,7,1,4,-3,1
5,79870,2023,8,27,39,23,30,0,1,0.611111111,19,1,44,0,1
4,93951,2023,8,27,39,23,30,0,2,0.847222222,19,2,17,2,1
9,2544728,2023,8,27,39,23,30,0,4,0.888888889,19,,,0,0
5,110145,2023,8,27,39,14,45,0,1,0.027777778,18,1,2,-2,1
5,88333,2023,8,27,39,14,45,0,2,0.138888889,18,4,8,0,1
2,79319,2023,8,27,39,14,45,0,3,0.666666667,18,1,38,0,0
2,89136,2023,8,27,39,14,45,0,4,0.847222222,18,1,15,1,1
13,101521,2023,8,27,39,77,36,0,1,0.222222222,10,1,16,1,1
13,79539,2023,8,27,39,77,36,0,2,0.652777778,10,2,31,0,1
17,80755,2023,8,27,39,77,36,0,3,0.819444444,10,1,12,0,1
15,2513847,2023,8,27,39,77,36,0,5,0.888888889,10,,,0,0
16,103893,2023,8,27,39,10,30,0,1,0.013888889,11,1,1,0,0
3,88328,2023,8,27,39,10,30,0,2,0.152777778,11,4,16,0,1
3,79173,2023,8,27,39,10,30,0,3,0.638888889,11,1,35,1,0
4,80355,2023,8,27,39,10,30,0,4,0.833333333,11,1,14,1,1
20,119015,2023,8,27,39,44,41,0,1,0.041666667,5,2,3,-8,1
14,88443,2023,8,27,39,44,41,0,2,0.125,5,4,6,-1,1
8,79832,2023,8,27,39,44,41,0,3,0.625,5,1,36,-1,1
8,79871,2023,8,27,39,44,41,0,4,0.833333333,5,1,15,-1,1
14,101193,2023,8,27,39,27,39,0,1,0.222222222,12,1,16,1,1
12,80979,2023,8,27,39,27,39,0,2,0.666666667,12,2,32,-2,1
15,85354,2023,8,27,39,27,39,0,3,0.833333333,12,1,12,0,0
14,2516935,2023,8,27,39,27,39,0,5,0.888888889,12,,,0,0
19,110452,2023,8,27,39,30,24,0,1,0.013888889,17,1,1,0,0
11,90194,2023,8,27,39,30,24,0,2,0.138888889,17,4,14,1,0
17,114595,2023,8,27,39,30,24,0,3,0.236111111,17,1,7,0,1
18,80281,2023,8,27,39,30,24,0,4,0.638888889,17,2,29,-2,1
18,79266,2023,8,27,39,30,24,0,5,0.819444444,17,1,13,0,1
16,2505647,2023,8,27,39,30,24,0,7,0.888888889,17,,,0,0
15,102801,2023,8,27,39,16,28,0,1,0.013888889,16,1,1,0,0
4,90892,2023,8,27,39,16,28,0,2,0.152777778,16,4,10,2,0
20,111944,2023,8,27,39,20,33,0,1,0.013888889,8,1,1,0,0
10,89039,2023,8,27,39,20,33,0,2,0.125,8,4,8,-1,1
14,80308,2023,8,27,39,20,33,0,3,0.486111111,8,1,26,-1,1
16,89294,2023,8,27,39,20,33,0,4,0.833333333,8,2,25,0,0
17,2504065,2023,8,27,39,20,33,0,6,0.888888889,8,,,0,0
10,115144,2023,8,27,39,4,26,0,1,0.041666667,5,1,3,-9,1
10,88506,2023,8,27,39,4,26,0,2,0.138888889,5,4,7,1,1
10,80165,2023,8,27,39,4,26,0,3,0.583333333,5,1,33,-1,1
10,81174,2023,8,27,39,4,26,0,4,0.833333333,5,1,21,0,1
7,2540470,2023,8,27,39,4,26,0,6,0.888888889,5,,,0,0
14,116975,2023,8,27,39,31,29,0,1,0.027777778,11,1,2,-2,1
9,89440,2023,8,27,39,31,29,0,2,0.138888889,11,4,8,0,1
7,80543,2023,8,27,39,31,29,0,3,0.597222222,11,1,33,-1,1
6,93888,2023,8,27,39,31,29,0,4,0.847222222,11,1,18,1,1
11,2536320,2023,8,27,39,31,29,0,6,0.888888889,11,,,0,0
13,99743,2023,8,27,39,11,36,0,1,0.013888889,15,1,1,0,1
1,88439,2023,8,27,39,11,36,0,2,0.166666667,15,4,11,0,1
2,78655,2023,8,27,39,11,36,0,3,0.625,15,1,33,0,1
2,78349,2023,8,27,39,11,36,0,4,0.833333333,15,1,16,0,0
6,2562490,2023,8,27,39,11,36,0,6,0.888888889,15,,,-2,0
12,82705,2023,8,27,39,81,25,0,1,0.208333333,3,1,15,-4,1
8,80841,2023,8,27,39,81,25,0,2,0.638888889,3,1,31,-2,1
11,85702,2023,8,27,39,81,25,0,3,0.833333333,3,2,14,0,1
10,2538279,2023,8,27,39,81,25,0,5,0.888888889,3,,,0,0
12,109781,2023,8,27,39,63,28,0,1,0.055555556,5,1,4,-10,1
15,89137,2023,8,27,39,63,28,0,2,0.138888889,5,4,6,-2,1
18,107894,2023,8,27,39,63,28,0,3,0.222222222,5,1,6,0,1
9,82707,2023,8,27,39,63,28,0,4,0.833333333,5,3,44,-1,0
8,2547800,2023,8,27,39,63,28,0,6,0.888888889,5,,,0,0
17,112753,2023,8,27,39,63,28,0,7,0.930555556,5,4,9,-9,1
8,113117,2023,8,27,39,55,31,0,1,0.027777778,18,1,2,-2,1
7,88581,2023,8,27,39,55,31,0,2,0.138888889,18,4,8,-1,1
5,79511,2023,8,27,39,55,31,0,3,0.569444444,18,1,31,0,1
5,81844,2023,8,27,39,55,31,0,4,0.833333333,18,1,21,-1,1
18,114041,2023,8,27,39,18,27,0,1,0.055555556,6,1,4,-4,1
19,89107,2023,8,27,39,18,27,0,2,0.125,6,4,5,-1,1
19,113704,2023,8,27,39,18,27,0,3,0.222222222,6,1,7,0,1
19,80718,2023,8,27,39,18,27,0,4,0.472222222,6,2,18,-1,1
14,86596,2023,8,27,39,18,27,0,5,0.833333333,6,1,26,0,1
13,2516250,2023,8,27,39,18,27,0,7,0.888888889,6,,,0,0
18,106869,2023,8,27,39,22,26,0,1,0.013888889,14,1,1,0,0
8,90464,2023,8,27,39,22,26,0,2,0.138888889,14,4,14,0,1
12,85858,2023,8,27,39,22,26,0,3,0.833333333,14,1,50,0,1
12,2520564,2023,8,27,39,22,26,0,5,0.888888889,14,,,0,0
3,109972,2023,8,27,39,33,28,0,1,0.027777778,9,1,2,-2,1
2,87017,2023,8,27,39,33,28,0,2,0.152777778,9,4,9,0,1
1,78531,2023,8,27,39,33,28,0,3,0.680555556,9,1,38,0,1
1,84682,2023,8,27,39,33,28,0,4,0.847222222,9,1,13,0,1
1,92568,2023,8,27,39,33,28,0,5,0.875,9,4,14,0,1
17,105469,2023,8,27,39,24,27,0,1,0.013888889,7,1,1,0,1
4,89135,2023,8,27,39,24,27,0,2,0.138888889,7,4,9,-1,1
12,79808,2023,8,27,39,24,27,0,3,0.513888889,7,2,27,0,1
13,84048,2023,8,27,39,24,27,0,4,0.833333333,7,1,23,0,1
18,80841,2024,8,25,39,23,30,0,1,0.166666667,19,2,12,-1,1
14,79155,2024,8,25,39,23,30,0,2,0.75,19,3,42,0,1
9,81976,2024,8,25,39,14,45,0,1,0.430555556,18,2,31,-1,1
16,82849,2024,8,25,39,77,36,0,1,0.208333333,10,1,15,-2,1
18,80969,2024,8,25,39,77,36,0,2,0.597222222,10,3,28,-3,1
7,80262,2024,8,25,39,10,30,0,1,0.444444444,11,2,32,-1,1
9,80674,2024,8,25,39,44,41,0,1,0.319444444,5,1,23,0,1
8,78250,2024,8,25,39,44,41,0,2,0.666666667,5,3,25,0,1
12,81339,2024,8,25,39,27,39,0,1,0.194444444,12,2,14,0,1
5,79947,2024,8,25,39,16,28,0,1,0.333333333,16,2,24,0,1
15,83970,2024,8,25,39,20,33,0,1,0.555555556,8,3,40,-2,1
1,79241,2024,8,25,39,4,26,0,1,0.388888889,5,2,28,0,1
16,81104,2024,8,25,39,31,29,0,1,0.416666667,11,2,30,-1,1
3,80183,2024,8,25,39,11,36,0,1,0.402777778,15,2,29,0,1
2,79492,2024,8,25,39,81,25,0,1,0.458333333,3,2,33,-1,1
14,81621,2024,8,25,39,3,37,0,1,0.402777778,3,2,29,-3,1
4,79178,2024,8,25,39,63,28,0,1,0.347222222,5,2,25,-1,1
6,79082,2024,8,25,39,63,28,0,2,0.75,5,3,29,-1,1
3,79673,2024,8,25,39,55,31,0,1,0.416666667,18,2,30,-1,1
17,83235,2024,8,25,39,2,25,0,1,0.305555556,1,2,22,-2,1
11,80575,2024,8,25,39,18,27,0,1,0.416666667,6,2,30,-1,1
13,81182,2024,8,25,39,22,26,0,1,0.194444444,14,1,14,0,1
13,79729,2024,8,25,39,22,26,0,2,0.444444444,14,2,18,0,1
2,79890,2024,8,25,39,33,28,0,1,0.375,9,2,27,0,1
19,81758,2024,8,25,39,24,27,0,1,0.25,7,2,18,-3,1
20,80809,2024,8,25,39,24,27,0,2,0.708333333,7,3,33,0,1
8,101701,2025,8,31,39,23,30,0,1,0.319444444,19,2,23,2,1
6,94627,2025,8,31,39,23,30,0,2,0.736111111,19,3,30,1,1
14,79636,2025,8,31,39,14,45,0,1,0.25,18,2,18,-1,1
16,79102,2025,8,31,39,14,45,0,2,0.555555556,18,3,22,-3,1
10,100206,2025,8,31,39,12,19,0,1,0.319444444,13,2,23,1,1
6,77187,2025,8,31,39,12,19,0,2,0.708333333,13,3,28,0,1
7,105159,2025,8,31,39,12,19,0,3,0.736111111,13,1,2,1,1
8,103502,2025,8,31,39,38,21,0,1,0.736111111,5,3,53,1,1
17,79761,2025,8,31,39,5,21,0,1,0.305555556,4,2,22,-3,1
16,81060,2025,8,31,39,5,21,0,2,0.833333333,4,3,38,-3,1
14,79497,2025,8,31,39,43,23,0,1,0.263888889,2,1,19,1,1
13,111419,2025,8,31,39,43,23,0,2,0.736111111,2,3,34,2,1
14,96875,2025,8,31,39,43,23,0,3,0.902777778,2,2,12,0,1
11,101559,2025,8,31,39,10,30,0,1,0.319444444,11,2,23,1,1
4,92010,2025,8,31,39,6,21,0,1,0.319444444,11,2,23,0,1
4,88722,2025,8,31,39,6,21,0,2,0.736111111,11,3,30,0,1
16,79257,2025,8,31,39,27,39,0,1,0.263888889,12,1,19,0,1
14,111410,2025,8,31,39,27,39,0,2,0.736111111,12,3,34,2,1
6,96821,2025,8,31,39,30,24,0,1,0.319444444,17,2,23,2,1
19,124543,2025,8,31,39,30,24,0,2,0.375,17,3,4,-12,1
18,102655,2025,8,31,39,30,24,0,3,0.722222222,17,1,28,0,1
6,79330,2025,8,31,39,16,28,0,1,0.305555556,16,2,22,-1,1
5,77659,2025,8,31,39,16,28,0,2,0.722222222,16,3,31,0,1
2,86038,2025,8,31,39,4,26,0,1,0.319444444,5,2,23,0,1
2,85907,2025,8,31,39,4,26,0,2,0.736111111,5,3,30,0,1
13,79681,2025,8,31,39,31,29,0,1,0.722222222,11,3,52,-3,1
1,84180,2025,8,31,39,81,25,0,1,0.319444444,3,2,23,0,1
1,82803,2025,8,31,39,81,25,0,2,0.736111111,3,3,30,0,1
5,92078,2025,8,31,39,63,28,0,1,0.319444444,5,2,23,0,1
5,93540,2025,8,31,39,63,28,0,2,0.736111111,5,3,30,1,1
7,96933,2025,8,31,39,55,31,0,1,0.319444444,18,2,23,2,1
18,123374,2025,8,31,39,55,31,0,2,0.375,18,3,4,-10,0
19,80226,2025,8,31,39,55,31,0,3,0.708333333,18,1,27,-1,0
16,99735,2025,8,31,39,55,31,0,4,0.902777778,18,1,17,1,1
20,79763,2025,8,31,39,18,27,0,1,0.111111111,6,2,8,-2,1
10,79702,2025,8,31,39,18,27,0,2,0.722222222,6,3,44,-1,1
12,80019,2025,8,31,39,22,26,0,1,0.263888889,14,1,19,-1,1
10,103703,2025,8,31,39,22,26,0,2,0.736111111,14,3,34,1,1
3,90929,2025,8,31,39,33,28,0,1,0.319444444,9,1,23,0,1
3,87371,2025,8,31,39,33,28,0,2,0.736111111,9,2,30,0,1
17,98914,2022,4,24,21,23,30,0,1,0.26984127,19,4,17,-3,0
6,97376,2022,4,24,21,77,36,0,1,0.285714286,10,4,18,0,0
13,98941,2022,4,24,21,10,30,0,1,0.26984127,11,4,17,0,0
10,99546,2022,4,24,21,44,41,0,1,0.285714286,5,4,18,1,0
12,98506,2022,4,24,21,6,31,0,1,0.285714286,6,4,18,2,0
2,94439,2022,4,24,21,16,28,0,1,0.301587302,16,4,19,0,0
3,85604,2022,4,24,21,16,28,0,2,0.777777778,16,2,30,0,0
5,94673,2022,4,24,21,16,28,0,3,0.841269841,16,1,4,-2,0
7,98853,2022,4,24,21,20,33,0,1,0.285714286,8,4,18,0,0
14,98696,2022,4,24,21,47,27,0,1,0.285714286,12,4,18,2,0
17,86471,2022,4,24,21,47,27,0,2,0.825396825,12,2,36,0,0
3,94952,2022,4,24,21,4,26,0,1,0.301587302,5,4,19,1,0
11,99831,2022,4,24,21,31,29,0,1,0.285714286,11,4,18,1,0
3,96894,2022,4,24,21,11,36,0,1,0.285714286,15,4,18,-1,0
2,86078,2022,4,24,21,11,36,0,2,0.793650794,15,2,32,0,0
19,150235,2022,4,24,21,3,37,0,1,0.031746032,3,,,0,0
18,101335,2022,4,24,21,3,37,0,2,0.253968254,3,4,16,0,0
15,86999,2022,4,24,21,3,37,0,3,0.476190476,3,2,14,0,0
5,97214,2022,4,24,21,63,28,0,1,0.285714286,5,4,18,0,0
9,99188,2022,4,24,21,18,27,0,1,0.285714286,6,4,18,1,0
8,99363,2022,4,24,21,22,26,0,1,0.285714286,14,4,18,0,0
1,95268,2022,4,24,21,33,28,0,1,0.301587302,9,4,19,0,0
1,85574,2022,4,24,21,33,28,0,2,0.80952381,9,2,32,0,0
9,99443,2022,4,24,21,5,39,0,1,0.26984127,12,4,17,-1,0
13,98724,2022,4,24,21,24,27,0,1,0.285714286,7,4,18,2,0
15,86643,2024,5,19,21,23,30,1,1,0.126984127,19,2,8,-1,0
20,163048,2024,5,19,21,23,30,0,2,0.142857143,19,,,-5,0
20,86978,2024,5,19,21,23,30,0,3,0.365079365,19,2,14,0,0
20,88256,2024,5,19,21,23,30,0,4,0.444444444,19,2,19,0,0
20,87448,2024,5,19,21,14,45,0,1,0.111111111,18,1,7,0,0
15,87500,2024,5,19,21,14,45,0,2,0.634920635,18,3,34,0,0
19,88385,2024,5,19,21,14,45,0,3,0.936507937,18,2,20,-1,0
19,87265,2024,5,19,21,77,36,0,1,0.126984127,10,2,8,-2,0
18,86945,2024,5,19,21,10,30,0,1,0.126984127,11,1,8,-3,0
17,87963,2024,5,19,21,10,30,0,2,0.476190476,11,3,22,-1,0
3,86215,2024,5,19,21,44,41,0,1,0.428571429,5,2,27,-1,0
9,86982,2024,5,19,21,27,39,0,1,0.206349206,12,2,13,-1,0
2,86023,2024,5,19,21,16,28,0,1,0.396825397,16,2,25,0,0
12,87682,2024,5,19,21,20,33,0,1,0.587301587,8,2,37,-2,0
3,86107,2024,5,19,21,4,26,0,1,0.349206349,5,2,22,-1,0
11,87881,2024,5,19,21,31,29,0,1,0.396825397,11,2,25,-1,0
8,88056,2024,5,19,21,11,36,0,1,0.587301587,15,3,37,-1,0
4,86220,2024,5,19,21,81,25,0,1,0.365079365,3,2,23,1,0
13,87088,2024,5,19,21,3,37,0,1,0.174603175,3,2,11,-2,0
7,86880,2024,5,19,21,63,28,0,1,0.333333333,5,2,21,-1,0
7,86242,2024,5,19,21,63,28,0,2,0.825396825,5,3,31,-1,0
1,86350,2024,5,19,21,55,31,0,1,0.428571429,18,2,27,0,0
16,88215,2024,5,19,21,2,25,0,1,0.492063492,1,3,31,-2,0
9,86977,2024,5,19,21,18,27,0,1,0.587301587,6,2,38,0,0
11,86755,2024,5,19,21,22,26,0,1,0.19047619,14,2,12,-2,0
1,86212,2024,5,19,21,33,28,0,1,0.380952381,9,2,24,0,0
14,89428,2024,5,19,21,24,27,0,1,0.523809524,7,3,33,-3,0
2,103058,2025,5,18,21,23,30,0,1,0.46031746,19,2,29,1,0
4,116404,2025,5,18,21,23,30,0,2,0.746031746,19,3,18,0,0
9,86152,2025,5,18,21,14,45,0,1,0.19047619,18,2,15,-5,0
12,115706,2025,5,18,21,14,45,0,2,0.73015873,18,3,35,0,0
6,105993,2025,5,18,21,12,19,0,1,0.46031746,13,3,29,0,0
10,108720,2025,5,18,21,38,21,0,1,0.46031746,5,3,29,0,0
16,88912,2025,5,18,21,38,21,0,2,0.492063492,5,2,2,-3,0
13,87591,2025,5,18,21,5,21,0,1,0.19047619,4,2,12,-1,0
18,116575,2025,5,18,21,5,21,0,2,0.46031746,4,3,17,0,0
17,116404,2025,5,18,21,5,21,0,3,0.73015873,4,3,17,0,0
13,87193,2025,5,18,21,43,23,0,1,0.349206349,2,2,22,-4,0
16,117151,2025,5,18,21,43,23,0,2,0.73015873,2,3,24,-1,0
17,86399,2025,5,18,21,10,30,0,1,0.142857143,11,2,9,-3,0
16,114260,2025,5,18,21,10,30,0,2,0.46031746,11,3,20,0,0
5,106215,2025,5,18,21,6,21,0,1,0.46031746,11,2,29,0,0
7,114690,2025,5,18,21,6,21,0,2,0.73015873,11,3,17,0,0
7,105548,2025,5,18,21,44,41,0,1,0.46031746,5,3,29,0,0
6,111555,2025,5,18,21,44,41,0,2,0.73015873,5,2,17,-1,0
9,108201,2025,5,18,21,27,39,0,1,0.46031746,12,3,29,0,0
17,86200,2025,5,18,21,30,24,0,1,0.158730159,17,2,10,-3,0
17,115803,2025,5,18,21,30,24,0,2,0.46031746,17,3,19,0,0
13,86751,2025,5,18,21,16,28,0,1,0.158730159,16,2,10,-4,0
8,106742,2025,5,18,21,16,28,0,2,0.46031746,16,3,19,0,0
2,86185,2025,5,18,21,4,26,0,1,0.444444444,5,2,28,0,0
2,102996,2025,5,18,21,4,26,0,2,0.73015873,5,3,18,0,0
20,96497,2025,5,18,21,31,29,0,1,0.015873016,11,2,1,0,0
2,86205,2025,5,18,21,81,25,0,1,0.206349206,3,2,13,0,0
2,115029,2025,5,18,21,81,25,0,2,0.476190476,3,3,17,1,0
10,89274,2025,5,18,21,63,28,0,1,0.174603175,5,2,14,-7,0
11,108463,2025,5,18,21,63,28,0,2,0.46031746,5,3,18,0,0
11,88303,2025,5,18,21,55,31,0,1,0.174603175,18,2,11,-5,0
13,110594,2025,5,18,21,55,31,0,2,0.46031746,18,3,18,0,0
7,87014,2025,5,18,21,18,27,0,1,0.222222222,6,2,17,-2,0
14,115462,2025,5,18,21,18,27,0,2,0.73015873,6,3,33,-1,0
12,110958,2025,5,18,21,22,26,0,1,0.46031746,14,3,29,0,0
1,92728,2025,5,18,21,33,28,0,1,0.46031746,9,2,29,0,0
1,94977,2025,5,18,21,33,28,0,2,0.73015873,9,3,17,0,0
13,136977,2022,7,24,34,23,30,0,1,0.339622642,19,2,18,0,0
5,128758,2022,7,24,34,14,45,0,1,0.339622642,18,2,18,0,0
15,140005,2022,7,24,34,77,36,0,1,0.339622642,10,3,18,1,0
17,120346,2022,7,24,34,77,36,0,2,0.679245283,10,3,18,-4,0
14,135607,2022,7,24,34,10,30,0,1,0.339622642,11,3,18,0,0
1,124746,2022,7,24,34,44,41,0,1,0.339622642,5,2,18,1,0
14,154586,2022,7,24,34,6,31,0,1,0.358490566,6,,,-6,0
16,140387,2022,7,24,34,6,31,0,2,0.716981132,6,3,19,-1,0
20,121961,2022,7,24,34,20,33,0,1,0.150943396,8,2,8,-8,0
17,141666,2022,7,24,34,20,33,0,2,0.339622642,8,3,10,0,0
18,120834,2022,7,24,34,47,27,0,1,0.169811321,12,2,9,-4,0
18,146111,2022,7,24,34,47,27,0,2,0.339622642,12,3,9,0,0
7,133216,2022,7,24,34,4,26,0,1,0.339622642,5,2,18,0,0
11,141240,2022,7,24,34,31,29,0,1,0.339622642,11,2,18,-3,0
3,127468,2022,7,24,34,11,36,0,1,0.339622642,15,2,18,0,0
9,134243,2022,7,24,34,3,37,0,1,0.339622642,3,2,18,1,0
4,127168,2022,7,24,34,63,28,0,1,0.339622642,5,2,18,0,0
10,137570,2022,7,24,34,55,31,0,1,0.339622642,18,3,18,-1,0
7,125219,2022,7,24,34,55,31,0,2,0.79245283,18,2,24,-4,0
12,138213,2022,7,24,34,18,27,0,1,0.339622642,6,2,20,-1,0
19,124195,2022,7,24,34,22,26,0,1,0.20754717,14,2,11,-2,0
5,117773,2022,7,24,34,33,28,0,1,0.301886792,9,2,16,-3,0
12,160884,2022,7,24,34,5,39,0,1,0.358490566,12,,,-6,0
20,121165,2022,7,24,34,24,27,0,1,0.169811321,7,2,9,-2,0
18,144607,2022,7,24,34,24,27,0,2,0.41509434,7,3,13,-2,0
12,109840,2022,7,31,11,23,30,0,1,,19,1,2,3,0
18,90341,2022,7,31,11,23,30,0,2,,19,2,19,-2,1
17,87273,2022,7,31,11,23,30,0,3,,19,2,19,1,0
6,87782,2022,7,31,11,14,45,0,1,,18,2,21,0,1
9,88113,2022,7,31,11,77,36,0,1,,10,2,26,-1,1
13,89403,2022,7,31,11,10,30,0,1,,11,1,16,1,1
14,87566,2022,7,31,11,10,30,0,2,,11,2,30,-1,1
2,87388,2022,7,31,11,44,41,0,1,,5,2,19,0,1
2,86795,2022,7,31,11,44,41,0,2,,5,2,32,-1,1
13,89197,2022,7,31,11,6,31,0,1,,6,2,18,0,1
17,87516,2022,7,31,11,6,31,0,2,,6,2,21,0,1
19,89321,2022,7,31,11,6,31,0,3,,6,1,17,-2,0
1,86481,2022,7,31,11,16,28,0,1,,16,2,21,0,1
1,86324,2022,7,31,11,16,28,0,2,,16,2,18,0,1
4,87578,2022,7,31,11,16,28,0,3,,16,3,15,-2,1
12,88081,2022,7,31,11,20,33,0,1,,8,2,6,-2,0
18,90462,2022,7,31,11,20,33,0,2,,8,3,29,0,1
16,113884,2022,7,31,11,20,33,0,3,,8,2,32,0,1
12,89563,2022,7,31,11,47,27,0,1,,12,2,21,-4,1
16,89806,2022,7,31,11,47,27,0,2,,12,3,20,0,1
9,89653,2022,7,31,11,4,26,0,1,,5,1,17,-2,0
7,88496,2022,7,31,11,4,26,0,2,,5,2,28,0,1
6,87713,2022,7,31,11,31,29,0,1,,11,2,23,-1,0
3,88030,2022,7,31,11,11,36,0,1,,15,1,18,1,1
6,88801,2022,7,31,11,11,36,0,2,,15,2,24,-1,1
11,90229,2022,7,31,11,3,37,0,1,,3,1,17,-1,1
8,87760,2022,7,31,11,3,37,0,2,,3,2,31,-1,1
3,87655,2022,7,31,11,63,28,0,1,,5,1,19,-2,1
3,86637,2022,7,31,11,63,28,0,2,,5,2,23,-1,1
2,86969,2022,7,31,11,55,31,0,1,,18,2,17,-1,1
2,86632,2022,7,31,11,55,31,0,2,,18,2,30,-1,1
15,88838,2022,7,31,11,18,27,0,1,,6,1,17,-2,1
9,87601,2022,7,31,11,18,27,0,2,,6,2,33,-1,1
17,90139,2022,7,31,11,22,26,0,1,,14,1,13,-2,1
17,88230,2022,7,31,11,22,26,0,2,,14,2,20,-2,1
20,88783,2022,7,31,11,22,26,0,3,,14,1,18,0,1
5,87314,2022,7,31,11,33,28,0,1,,9,1,17,0,1
4,86363,2022,7,31,11,33,28,0,2,,9,2,22,0,1
13,88460,2022,7,31,11,5,39,0,1,,12,1,15,0,1
12,87588,2022,7,31,11,5,39,0,2,,12,2,32,-2,0
9,88568,2022,7,31,11,24,27,0,1,,7,2,27,-1,1
15,90241,2022,7,31,11,24,27,0,2,,7,3,24,-1,0
17,88053,2023,7,23,11,23,30,0,1,,19,2,8,-2,1
12,87832,2023,7,23,11,23,30,0,2,,19,3,26,-1,1
4,87835,2023,7,23,11,14,45,0,1,,18,2,23,-1,1
9,87630,2023,7,23,11,14,45,0,2,,18,3,27,-1,0
14,88918,2023,7,23,11,77,36,0,1,,10,2,12,-2,1
10,88159,2023,7,23,11,77,36,0,2,,10,3,36,0,1
4,87791,2023,7,23,11,44,41,0,1,,5,2,19,0,1
3,87017,2023,7,23,11,44,41,0,2,,5,3,33,-1,1
9,88445,2023,7,23,11,27,39,0,1,,12,2,19,0,1
12,87764,2023,7,23,11,27,39,0,2,,12,3,25,0,1
4,87426,2023,7,23,11,16,28,0,1,,16,2,20,1,0
7,86750,2023,7,23,11,16,28,0,2,,16,3,26,0,1
12,88329,2023,7,23,11,20,33,0,1,,8,2,14,-1,1
17,89197,2023,7,23,11,20,33,0,2,,8,3,30,-2,1
3,87115,2023,7,23,11,4,26,0,1,,5,2,17,0,1
2,86696,2023,7,23,11,4,26,0,2,,5,3,27,0,1
3,87442,2023,7,23,11,11,36,0,1,,15,3,27,-1,1
5,87335,2023,7,23,11,11,36,0,2,,15,2,24,0,1
2,87253,2023,7,23,11,81,25,0,1,,3,2,20,0,1
3,87242,2023,7,23,11,81,25,0,2,,3,3,24,0,1
9,88950,2023,7,23,11,3,37,0,1,,3,2,21,0,1
18,88347,2023,7,23,11,3,37,0,2,,3,3,14,0,1
8,89289,2023,7,23,11,63,28,0,1,,5,3,28,-3,1
6,85421,2023,7,23,11,63,28,0,2,,5,2,18,0,1
7,88509,2023,7,23,11,55,31,0,1,,18,1,15,-1,1
6,87670,2023,7,23,11,55,31,0,2,,18,3,29,-2,1
13,88197,2023,7,23,11,2,25,0,1,,1,2,13,-1,0
16,88983,2023,7,23,11,2,25,0,2,,1,3,24,0,1
11,88932,2023,7,23,11,18,27,0,1,,6,1,9,-1,1
9,87872,2023,7,23,11,18,27,0,2,,6,3,30,0,1
12,88862,2023,7,23,11,22,26,0,1,,14,1,9,-1,0
11,89888,2023,7,23,11,22,26,0,2,,14,3,38,0,1
1,87151,2023,7,23,11,33,28,0,1,,9,2,26,0,1
1,86210,2023,7,23,11,33,28,0,2,,9,3,28,0,1
13,88185,2023,7,23,11,24,27,0,1,,7,2,13,2,0
14,88435,2023,7,23,11,24,27,0,2,,7,3,33,-1,1
11,88058,2024,7,21,11,23,30,0,1,,19,1,6,-2,1
15,87968,2024,7,21,11,23,30,0,2,,19,3,23,-1,1
8,86161,2024,7,21,11,14,45,0,1,,18,1,9,-1,1
8,87324,2024,7,21,11,14,45,0,2,,18,2,31,-1,1
10,88010,2024,7,21,11,77,36,0,1,,10,2,17,-2,1
15,88675,2024,7,21,11,77,36,0,2,,10,3,29,-2,1
12,88972,2024,7,21,11,10,30,0,1,,11,3,28,-2,1
5,87246,2024,7,21,11,44,41,0,1,,5,2,16,-1,1
4,87733,2024,7,21,11,44,41,0,2,,5,3,24,-1,1
17,88821,2024,7,21,11,27,39,0,1,,12,2,2,-3,1
11,87890,2024,7,21,11,27,39,0,2,,12,3,27,2,1
1,86918,2024,7,21,11,16,28,0,1,,16,2,23,0,1
5,87274,2024,7,21,11,16,28,0,2,,16,3,17,0,1
13,88066,2024,7,21,11,20,33,0,1,,8,1,6,-3,1
13,88105,2024,7,21,11,20,33,0,2,,8,3,28,-1,1
2,86485,2024,7,21,11,4,26,0,1,,5,2,17,0,1
2,86328,2024,7,21,11,4,26,0,2,,5,3,29,0,1
18,88553,2024,7,21,11,31,29,0,1,,11,2,6,-4,1
15,88594,2024,7,21,11,31,29,0,2,,11,3,24,1,1
17,91815,2024,7,21,11,31,29,0,3,,11,3,34,-1,1
9,88128,2024,7,21,11,11,36,0,1,,15,3,28,0,1
8,85878,2024,7,21,11,11,36,0,2,,15,2,19,-1,1
1,86496,2024,7,21,11,81,25,0,1,,3,2,18,0,1
1,86252,2024,7,21,11,81,25,0,2,,3,3,30,0,1
10,86300,2024,7,21,11,3,37,0,1,,3,2,7,-1,1
17,88132,2024,7,21,11,3,37,0,2,,3,3,21,-1,1
7,88191,2024,7,21,11,63,28,0,1,,5,3,33,0,1
7,85333,2024,7,21,11,63,28,0,2,,5,2,20,0,1
4,87324,2024,7,21,11,55,31,0,1,,18,2,21,-1,1
4,87215,2024,7,21,11,55,31,0,2,,18,3,26,-1,1
12,87436,2024,7,21,11,2,25,0,1,,1,2,8,1,1
14,88010,2024,7,21,11,2,25,0,2,,1,3,25,0,1
18,89989,2024,7,21,11,2,25,0,3,,1,3,30,0,1
8,88097,2024,7,21,11,18,27,0,1,,6,1,17,-1,1
10,87098,2024,7,21,11,18,27,0,2,,6,2,32,-1,1
8,88185,2024,7,21,11,22,26,0,1,,14,2,29,-1,1
1,87027,2024,7,21,11,33,28,0,1,,9,2,21,0,1
1,86468,2024,7,21,11,33,28,0,2,,9,3,28,0,1
16,88146,2024,7,21,11,24,27,0,1,,7,2,8,1,1
16,89150,2024,7,21,11,24,27,0,2,,7,3,29,0,1
17,86232,2025,8,3,11,23,30,0,1,,19,1,14,-1,1
15,85277,2025,8,3,11,23,30,0,2,,19,2,24,-2,1
5,86440,2025,8,3,11,14,45,0,1,,18,2,40,0,1
12,86348,2025,8,3,11,12,19,0,1,,13,2,21,-1,1
11,86031,2025,8,3,11,38,21,0,1,,5,2,30,-2,1
5,85253,2025,8,3,11,5,21,0,1,,4,2,40,1,1
19,85901,2025,8,3,11,43,23,0,1,,2,2,13,-1,0
17,85606,2025,8,3,11,43,23,0,2,,2,3,22,-2,0
15,86192,2025,8,3,11,10,30,0,1,,11,3,32,-3,1
11,85543,2025,8,3,11,6,21,0,1,,11,2,33,-1,1
9,85996,2025,8,3,11,44,41,0,1,,5,3,42,-2,1
20,86448,2025,8,3,11,27,39,0,1,,12,1,5,-3,1
11,86922,2025,8,3,11,27,39,0,2,,12,2,36,-1,0
7,85076,2025,8,3,11,30,24,0,1,,17,2,40,0,1
1,84552,2025,8,3,11,16,28,0,1,,16,2,19,0,1
2,84018,2025,8,3,11,16,28,0,2,,16,3,21,-1,1
2,85567,2025,8,3,11,4,26,0,1,,5,2,31,-1,1
16,86259,2025,8,3,11,31,29,0,1,,11,2,14,-1,1
2,84668,2025,8,3,11,81,25,0,1,,3,2,18,0,1
1,83987,2025,8,3,11,81,25,0,2,,3,3,28,0,1
3,84726,2025,8,3,11,63,28,0,1,,5,2,19,0,1
3,84284,2025,8,3,11,63,28,0,2,,5,3,24,-1,1
14,86131,2025,8,3,11,55,31,0,1,,18,1,15,-2,1
14,85648,2025,8,3,11,55,31,0,2,,18,3,36,-2,1
8,86688,2025,8,3,11,18,27,0,1,,6,2,37,-1,1
16,88115,2025,8,3,11,22,26,0,1,,14,2,20,-2,1
16,85309,2025,8,3,11,22,26,0,2,,14,1,17,0,1
8,85556,2025,8,3,11,33,28,0,1,,9,2,17,-1,1
5,84338,2025,8,3,11,33,28,0,2,,9,3,31,0,1
11,91014,2022,9,11,14,77,36,0,1,0.660377358,10,2,35,-4,0
9,92409,2022,9,11,14,21,31,0,1,0.358490566,9,1,19,-1,0
9,91609,2022,9,11,14,10,30,0,1,0.339622642,11,2,18,-3,0
7,91186,2022,9,11,14,44,41,0,1,0.622641509,5,2,33,-2,0
18,91889,2022,9,11,14,6,31,0,1,0.283018868,6,2,15,-3,0
15,120449,2022,9,11,14,6,31,0,2,0.886792453,6,3,32,0,0
2,109019,2022,9,11,14,16,28,0,1,0.226415094,16,1,12,-1,0
1,90030,2022,9,11,14,16,28,0,2,0.622641509,16,2,21,0,0
2,118392,2022,9,11,14,16,28,0,3,0.905660377,16,1,15,0,0
14,92278,2022,9,11,14,20,33,0,1,0.452830189,8,2,24,-3,0
16,97824,2022,9,11,14,20,33,0,2,0.867924528,8,3,22,1,0
9,91716,2022,9,11,14,47,27,0,1,0.622641509,12,2,33,-1,0
4,91485,2022,9,11,14,4,26,0,1,0.660377358,5,2,35,0,0
6,106482,2022,9,11,14,4,26,0,2,0.886792453,5,1,14,0,0
10,91754,2022,9,11,14,31,29,0,1,0.358490566,11,1,19,2,0
18,92185,2022,9,11,14,11,36,0,1,0.132075472,15,2,7,-5,0
5,89491,2022,9,11,14,11,36,0,2,0.79245283,15,3,35,0,1
7,91516,2022,9,11,14,3,37,0,1,0.358490566,3,2,19,-2,0
3,90661,2022,9,11,14,63,28,0,1,0.433962264,5,1,23,-1,0
3,92390,2022,9,11,14,63,28,0,2,0.886792453,5,3,24,0,0
4,91091,2022,9,11,14,55,31,0,1,0.566037736,18,2,30,-1,0
4,94912,2022,9,11,14,55,31,0,2,0.886792453,18,1,17,0,0
14,92349,2022,9,11,14,18,27,0,1,0.339622642,6,2,19,-2,0
12,92068,2022,9,11,14,22,26,0,1,0.358490566,14,2,19,1,0
14,117816,2022,9,11,14,22,26,0,2,0.886792453,14,3,29,-1,0
1,89712,2022,9,11,14,33,28,0,1,0.471698113,9,1,25,0,0
1,112443,2022,9,11,14,33,28,0,2,0.905660377,9,2,23,0,0
11,92220,2022,9,11,14,24,27,0,1,0.339622642,7,2,18,-1,0
9,92301,2023,9,3,14,23,30,0,1,0.283018868,19,2,18,-3,0
6,92377,2023,9,3,14,14,45,0,1,0.396226415,18,2,21,1,0
9,92814,2023,9,3,14,77,36,0,1,0.471698113,10,3,28,-2,0
18,92034,2023,9,3,14,10,30,0,1,0.188679245,11,2,10,-1,0
17,92204,2023,9,3,14,10,30,0,2,0.58490566,11,3,24,-2,0
5,93228,2023,9,3,14,44,41,0,1,0.509433962,5,3,30,-3,0
13,92658,2023,9,3,14,27,39,0,1,0.264150943,12,2,17,-2,0
14,92506,2023,9,3,14,27,39,0,2,0.735849057,12,3,30,0,0
15,92053,2023,9,3,14,30,24,0,1,0.245283019,17,2,16,-4,0
12,91843,2023,9,3,14,30,24,0,2,0.622641509,17,3,23,-1,0
3,91155,2023,9,3,14,16,28,0,1,0.377358491,16,2,20,-1,0
17,93273,2023,9,3,14,20,33,0,1,0.226415094,8,3,16,1,0
18,93158,2023,9,3,14,20,33,0,2,0.622641509,8,2,21,-1,0
4,91647,2023,9,3,14,4,26,0,1,0.41509434,5,2,22,-1,0
12,93499,2023,9,3,14,31,29,0,1,0.452830189,11,2,24,-2,0
1,90934,2023,9,3,14,11,36,0,1,0.396226415,15,2,21,1,0
3,91866,2023,9,3,14,81,25,0,1,0.433962264,3,2,23,-2,0
10,94520,2023,9,3,14,81,25,0,2,0.773584906,3,3,23,-2,0
5,91885,2023,9,3,14,63,28,0,1,0.358490566,5,2,19,0,0
4,91912,2023,9,3,14,55,31,0,1,0.358490566,18,2,19,-2,0
15,93074,2023,9,3,14,2,25,0,1,0.264150943,1,2,17,-3,0
13,93026,2023,9,3,14,18,27,0,1,0.377358491,6,2,20,-1,0
1,90849,2023,9,3,14,33,28,0,1,0.377358491,9,2,20,0,0
17,92187,2023,9,3,14,24,27,0,1,0.20754717,7,2,11,-2,0
14,92052,2023,9,3,14,24,27,0,2,0.622641509,7,3,25,-2,0
7,91436,2024,9,1,14,23,30,0,1,0.320754717,19,2,17,-2,0
11,89740,2024,9,1,14,14,45,0,1,0.226415094,18,2,13,-1,0
9,89799,2024,9,1,14,14,45,0,2,0.660377358,18,3,24,-1,0
15,90924,2024,9,1,14,77,36,0,1,0.622641509,10,3,34,0,0
12,91193,2024,9,1,14,43,23,0,1,0.301886792,2,2,16,-1,0
17,91535,2024,9,1,14,10,30,0,1,0.188679245,11,2,10,-3,0
17,91004,2024,9,1,14,10,30,0,2,0.566037736,11,3,20,-2,0
6,90365,2024,9,1,14,44,41,0,1,0.283018868,5,2,15,-1,0
4,88349,2024,9,1,14,44,41,0,2,0.698113208,5,3,22,0,0
18,91729,2024,9,1,14,27,39,0,1,0.094339623,12,2,5,-2,0
17,89903,2024,9,1,14,27,39,0,2,0.603773585,12,3,27,0,0
3,90192,2024,9,1,14,16,28,0,1,0.283018868,16,2,15,-1,0
11,89943,2024,9,1,14,20,33,0,1,0.264150943,8,2,14,-2,0
4,89417,2024,9,1,14,4,26,0,1,0.264150943,5,2,14,-1,0
3,87414,2024,9,1,14,4,26,0,2,0.603773585,5,3,18,-1,0
12,90757,2024,9,1,14,31,29,0,1,0.58490566,11,3,31,-2,0
4,89869,2024,9,1,14,11,36,0,1,0.433962264,15,3,23,-3,0
7,88255,2024,9,1,14,11,36,0,2,0.660377358,15,3,12,0,0
1,89939,2024,9,1,14,81,25,0,1,0.301886792,3,2,16,0,0
1,88125,2024,9,1,14,81,25,0,2,0.716981132,3,3,22,0,0
14,91962,2024,9,1,14,3,37,0,1,0.20754717,3,2,11,-3,0
8,91175,2024,9,1,14,63,28,0,1,0.20754717,5,2,11,-1,0
8,88264,2024,9,1,14,63,28,0,2,0.622641509,5,3,22,0,0
2,90388,2024,9,1,14,55,31,0,1,0.358490566,18,2,19,-1,0
10,91321,2024,9,1,14,18,27,0,1,0.358490566,6,3,20,-1,0
13,89334,2024,9,1,14,18,27,0,2,0.679245283,6,3,19,1,0
15,90186,2024,9,1,14,18,27,0,3,0.943396226,6,2,15,0,0
2,89668,2024,9,1,14,33,28,0,1,0.41509434,9,3,22,-1,0
5,88738,2024,9,1,14,33,28,0,2,0.773584906,9,3,19,-1,0
13,92048,2024,9,1,14,24,27,0,1,0.283018868,7,2,16,1,0
5,86328,2025,9,7,14,23,30,0,1,0.773584906,19,3,41,-1,0
10,88466,2025,9,7,14,14,45,0,1,0.377358491,18,2,21,-2,0
7,87750,2025,9,7,14,12,19,0,1,0.528301887,13,2,28,0,0
16,89433,2025,9,7,14,38,21,0,1,0.339622642,5,2,18,-5,0
9,88759,2025,9,7,14,5,21,0,1,0.377358491,4,2,20,-2,0
12,88479,2025,9,7,14,43,23,0,1,0.622641509,2,2,33,0,0
14,87335,2025,9,7,14,10,30,0,1,0.924528302,11,3,49,-2,0
10,88342,2025,9,7,14,6,21,0,1,0.603773585,11,3,33,-1,0
4,87181,2025,9,7,14,44,41,0,1,0.716981132,5,2,38,0,0
18,88824,2025,9,7,14,30,24,0,1,0.169811321,17,1,9,-3,0
4,87019,2025,9,7,14,16,28,0,1,0.622641509,16,2,33,0,0
1,87287,2025,9,7,14,4,26,0,1,0.867924528,5,2,46,0,0
9,87687,2025,9,7,14,31,29,0,1,0.962264151,11,3,51,-2,0
2,86609,2025,9,7,14,81,25,0,1,0.849056604,3,2,45,0,0
6,87978,2025,9,7,14,63,28,0,1,0.509433962,5,2,27,-1,0
10,87825,2025,9,7,14,55,31,0,1,0.566037736,18,2,30,-3,0
10,88053,2025,9,7,14,18,27,0,1,0.924528302,6,3,50,-2,0
14,88943,2025,9,7,14,22,26,0,1,0.358490566,14,2,19,-4,0
1,87432,2025,9,7,14,33,28,0,1,0.698113208,9,2,37,0,0
1,112739,2022,10,9,22,14,45,0,2,0.150943396,18,5,6,4,0
7,111629,2022,10,9,22,14,45,0,3,0.41509434,18,4,14,0,0
16,122174,2022,10,9,22,77,36,0,2,0.113207547,10,5,4,-2,0
18,169982,2022,10,9,22,10,30,0,1,0.018867925,11,4,1,0,0
14,117813,2022,10,9,22,10,30,0,3,0.132075472,11,5,5,1,0
16,113384,2022,10,9,22,10,30,0,4,0.358490566,11,4,12,0,0
6,115367,2022,10,9,22,44,41,0,2,0.132075472,5,5,6,-1,0
17,171537,2022,10,9,22,6,31,0,2,0.094339623,6,,,-2,0
2,112863,2022,10,9,22,16,28,0,2,0.132075472,16,5,5,0,0
11,118331,2022,10,9,22,20,33,0,2,0.132075472,8,5,5,0,0
13,120481,2022,10,9,22,47,27,0,2,0.20754717,12,5,9,-7,0
13,122340,2022,10,9,22,4,26,0,2,0.113207547,5,5,4,0,0
4,114890,2022,10,9,22,31,29,0,2,0.132075472,11,5,5,0,0
3,114053,2022,10,9,22,11,36,0,2,0.132075472,15,5,5,0,0
3,115504,2022,10,9,22,3,37,0,2,0.150943396,3,5,6,5,0
7,116796,2022,10,9,22,63,28,0,2,0.132075472,5,5,5,0,0
13,118562,2022,10,9,22,18,27,0,2,0.132075472,6,5,5,-1,0
12,112859,2022,10,9,22,18,27,0,3,0.358490566,6,4,12,0,0
10,118102,2022,10,9,22,22,26,0,2,0.132075472,14,5,5,-1,0
11,112768,2022,10,9,22,22,26,0,3,0.377358491,14,4,13,0,0
1,112865,2022,10,9,22,33,28,0,2,0.132075472,9,5,5,0,0
18,169390,2022,10,9,22,5,39,0,2,0.094339623,12,,,-2,0
7,115996,2022,10,9,22,24,27,0,2,0.169811321,7,5,7,-1,0
17,113531,2022,10,9,22,24,27,0,3,0.339622642,7,4,9,0,0
17,145855,2023,9,24,22,23,30,0,1,0.018867925,19,2,1,0,0
12,110904,2023,9,24,22,23,30,0,2,0.245283019,19,2,12,-1,0
7,102320,2023,9,24,22,14,45,0,1,0.20754717,18,1,14,-1,0
9,103680,2023,9,24,22,14,45,0,2,0.471698113,18,3,14,0,0
20,174634,2023,9,24,22,77,36,0,1,0.018867925,10,1,1,0,0
19,106852,2023,9,24,22,77,36,0,2,0.113207547,10,1,5,1,0
8,102948,2023,9,24,22,10,30,0,1,0.339622642,11,2,18,-1,0
8,101378,2023,9,24,22,10,30,0,2,0.641509434,11,3,16,0,0
6,103793,2023,9,24,22,44,41,0,1,0.301886792,5,2,16,-1,0
6,100853,2023,9,24,22,44,41,0,2,0.641509434,5,3,18,0,0
14,102501,2023,9,24,22,27,39,0,1,0.150943396,12,1,8,-2,0
13,102637,2023,9,24,22,27,39,0,2,0.396226415,12,2,13,0,0
11,101420,2023,9,24,22,27,39,0,3,0.698113208,12,3,16,0,1
10,102431,2023,9,24,22,30,24,0,1,0.188679245,17,1,10,-1,1
12,102855,2023,9,24,22,30,24,0,2,0.471698113,17,2,15,0,0
3,101825,2023,9,24,22,16,28,0,1,0.320754717,16,2,17,0,1
5,101129,2023,9,24,22,16,28,0,2,0.641509434,16,2,17,-1,1
18,122936,2023,9,24,22,20,33,0,1,0.226415094,8,2,12,-6,0
13,102504,2023,9,24,22,20,33,0,2,0.58490566,8,3,19,1,0
1,101240,2023,9,24,22,4,26,0,1,0.320754717,5,2,17,1,0
2,100106,2023,9,24,22,4,26,0,2,0.679245283,5,3,19,0,1
19,161813,2023,9,24,22,31,29,0,1,0.018867925,11,2,1,0,0
9,102901,2023,9,24,22,31,29,0,2,0.528301887,11,3,27,-1,0
7,161609,2023,9,24,22,11,36,0,1,0.037735849,15,,,0,0
17,121045,2023,9,24,22,11,36,0,2,0.226415094,15,3,10,-4,0
19,2588523,2023,9,24,22,11,36,0,4,0.264150943,15,,,0,0
4,101400,2023,9,24,22,81,25,0,1,0.245283019,3,2,13,-1,0
3,100575,2023,9,24,22,81,25,0,2,0.660377358,3,3,22,0,1
4,101402,2023,9,24,22,63,28,0,1,0.452830189,5,2,24,-2,0
1,101804,2023,9,24,22,55,31,0,1,0.339622642,18,2,18,1,1
2,101420,2023,9,24,22,55,31,0,2,0.716981132,18,2,20,0,1
17,162662,2023,9,24,22,2,25,0,1,0.037735849,1,,,-1,0
19,104961,2023,9,24,22,2,25,0,2,0.094339623,1,2,5,0,0
17,103371,2023,9,24,22,2,25,0,3,0.396226415,1,2,16,1,0
8,121131,2023,9,24,22,18,27,0,1,0.264150943,6,1,14,0,1
12,102396,2023,9,24,22,22,26,0,1,0.169811321,14,1,12,-2,1
10,102697,2023,9,24,22,22,26,0,2,0.566037736,14,2,21,0,1
1,101172,2023,9,24,22,33,28,0,1,0.301886792,9,2,16,0,0
1,100264,2023,9,24,22,33,28,0,2,0.698113208,9,2,21,0,0
18,150466,2023,9,24,22,24,27,0,1,0.018867925,7,1,1,0,0
16,103013,2023,9,24,22,24,27,0,2,0.188679245,7,1,9,0,0
11,102733,2023,9,24,22,24,27,0,3,0.547169811,7,1,19,1,0
5,100816,2024,4,7,22,14,45,0,2,0.245283019,18,1,13,-1,1
4,99794,2024,4,7,22,14,45,0,3,0.622641509,18,2,20,0,1
12,101288,2024,4,7,22,77,36,0,2,0.113207547,10,1,6,-1,0
11,102311,2024,4,7,22,77,36,0,3,0.41509434,10,3,16,0,0
17,103476,2024,4,7,22,10,30,0,2,0.301886792,11,3,15,0,0
17,101728,2024,4,7,22,10,30,0,3,0.603773585,11,2,16,0,1
8,101466,2024,4,7,22,44,41,0,2,0.433962264,5,3,22,0,1
6,99030,2024,4,7,22,44,41,0,3,0.735849057,5,3,16,0,0
18,101491,2024,4,7,22,27,39,0,2,0.094339623,12,1,5,-1,0
13,103896,2024,4,7,22,27,39,0,3,0.622641509,12,3,28,-3,0
4,103175,2024,4,7,22,16,28,0,2,0.490566038,16,2,25,-2,1
10,102164,2024,4,7,22,20,33,0,2,0.41509434,8,2,21,0,0
4,100760,2024,4,7,22,4,26,0,2,0.20754717,5,2,11,-1,1
5,100917,2024,4,7,22,4,26,0,3,0.490566038,5,3,15,-1,1
16,102283,2024,4,7,22,31,29,0,2,0.358490566,11,3,18,0,1
16,100764,2024,4,7,22,31,29,0,3,0.622641509,11,3,14,0,0
2,100906,2024,4,7,22,11,36,0,2,0.283018868,15,2,15,0,1
2,99409,2024,4,7,22,11,36,0,3,0.622641509,15,2,18,0,1
6,101083,2024,4,7,22,81,25,0,2,0.226415094,3,2,12,0,1
6,99482,2024,4,7,22,81,25,0,3,0.603773585,3,3,20,-1,1
7,100895,2024,4,7,22,63,28,0,2,0.41509434,5,3,21,-1,0
5,98830,2024,4,7,22,63,28,0,3,0.698113208,5,3,15,1,1
3,100439,2024,4,7,22,55,31,0,2,0.283018868,18,2,14,0,1
2,99310,2024,4,7,22,55,31,0,3,0.679245283,18,2,22,-1,0
12,101989,2024,4,7,22,2,25,0,2,0.41509434,1,3,21,0,0
14,100392,2024,4,7,22,2,25,0,3,0.641509434,1,3,12,1,0
17,143782,2024,4,7,22,2,25,0,4,0.773584906,1,2,7,-2,1
10,101638,2024,4,7,22,18,27,0,2,0.226415094,6,1,11,0,1
15,102328,2024,4,7,22,18,27,0,3,0.41509434,6,2,10,-1,1
11,99550,2024,4,7,22,18,27,0,4,0.641509434,6,3,12,0,1
10,100998,2024,4,7,22,22,26,0,2,0.132075472,14,1,9,0,1
14,101916,2024,4,7,22,22,26,0,3,0.41509434,14,3,15,-1,1
1,100272,2024,4,7,22,33,28,0,2,0.301886792,9,2,16,0,1
1,99226,2024,4,7,22,33,28,0,3,0.641509434,9,2,18,0,1
16,102874,2024,4,7,22,24,27,0,2,0.132075472,7,1,6,0,0
18,101117,2024,4,7,22,24,27,0,3,0.20754717,7,3,4,0,0
7,96927,2025,4,6,22,23,30,0,1,0.452830189,19,2,24,-3,1
10,97548,2025,4,6,22,14,45,0,1,0.452830189,18,2,25,-2,0
1,95456,2025,4,6,22,12,19,0,1,0.58490566,13,2,31,0,0
9,96245,2025,4,6,22,38,21,0,1,0.433962264,5,2,23,-1,0
14,97484,2025,4,6,22,5,21,0,1,0.58490566,4,3,31,-1,1
19,97254,2025,4,6,22,61,23,0,1,0.283018868,3,1,15,-1,1
11,96901,2025,4,6,22,10,30,0,1,0.452830189,11,2,24,1,0
4,96218,2025,4,6,22,6,21,0,1,0.471698113,11,2,25,-1,1
4,96186,2025,4,6,22,44,41,0,1,0.566037736,5,3,30,-2,1
17,96739,2025,4,6,22,27,39,0,1,0.41509434,12,2,22,-1,0
10,96455,2025,4,6,22,30,24,0,1,0.622641509,17,2,33,0,0
3,95423,2025,4,6,22,16,28,0,1,0.396226415,16,2,21,1,1
2,95034,2025,4,6,22,4,26,0,1,0.396226415,5,2,21,0,1
13,96135,2025,4,6,22,31,29,0,1,0.603773585,11,3,33,-1,0
3,95359,2025,4,6,22,81,25,0,1,0.377358491,3,2,20,0,1
5,95756,2025,4,6,22,63,28,0,1,0.358490566,5,2,19,0,1
12,96256,2025,4,6,22,55,31,0,1,0.622641509,18,2,33,-1,1
20,97946,2025,4,6,22,18,27,0,1,0.169811321,6,1,9,-1,0
20,95972,2025,4,6,22,18,27,0,2,0.566037736,6,3,22,0,0
13,96396,2025,4,6,22,22,26,0,1,0.433962264,14,2,23,0,0
1,95220,2025,4,6,22,33,28,0,1,0.396226415,9,2,21,0,0
7,105842,2023,11,19,80,23,30,0,1,0.32,19,2,16,-2,1
19,144948,2023,11,19,80,14,45,0,1,0.02,18,2,1,0,0
7,117613,2023,11,19,80,14,45,0,2,0.52,18,3,26,0,1
20,148494,2023,11,19,80,77,36,0,1,0.02,10,2,1,0,0
17,106578,2023,11,19,80,77,36,0,2,0.48,10,3,23,-1,1
4,105772,2023,11,19,80,10,30,0,1,0.34,11,2,17,-1,1
11,118137,2023,11,19,80,44,41,0,1,0.34,5,3,17,-6,0
16,125187,2023,11,19,80,44,41,0,2,0.52,5,2,9,0,1
17,105802,2023,11,19,80,27,39,0,1,0.24,12,2,12,-5,1
15,123608,2023,11,19,80,27,39,0,2,0.52,12,3,14,0,0
1,103380,2023,11,19,80,16,28,0,1,0.42,16,2,21,0,1
15,105961,2023,11,19,80,20,33,0,1,0.28,8,2,14,-5,1
14,122844,2023,11,19,80,20,33,0,2,0.52,8,3,12,0,1
5,105341,2023,11,19,80,31,29,0,1,0.4,11,2,20,-2,1
11,124700,2023,11,19,80,11,36,0,1,0.02,15,2,1,0,0
1,112819,2023,11,19,80,11,36,0,2,0.52,15,3,25,0,1
9,107333,2023,11,19,80,81,25,0,1,0.32,3,3,17,-2,1
5,101648,2023,11,19,80,81,25,0,2,0.86,3,3,28,-1,1
12,106533,2023,11,19,80,3,37,0,1,0.34,3,2,17,2,1
4,104106,2023,11,19,80,63,28,0,1,0.3,5,2,15,-1,1
5,115234,2023,11,19,80,63,28,0,2,0.52,5,3,11,0,1
16,123387,2023,11,19,80,55,31,0,1,0.06,18,2,3,1,1
6,116574,2023,11,19,80,55,31,0,2,0.52,18,3,23,0,1
14,106786,2023,11,19,80,2,25,0,1,0.3,1,2,15,-5,1
10,117862,2023,11,19,80,18,27,0,1,0.06,6,1,7,-1,1
3,115916,2023,11,19,80,18,27,0,2,0.52,6,3,24,0,1
19,108267,2023,11,19,80,22,26,0,1,0.2,14,1,10,-7,1
19,108249,2023,11,19,80,22,26,0,2,0.42,14,2,11,-2,1
2,104727,2023,11,19,80,33,28,0,1,0.32,9,2,16,-1,0
4,113326,2023,11,19,80,33,28,0,2,0.52,9,3,10,0,1
12,119780,2023,11,19,80,24,27,0,1,0.52,7,3,26,-1,1
18,104883,2024,11,23,80,23,30,0,1,0.18,19,2,9,-2,1
19,105129,2024,11,23,80,14,45,0,1,0.08,18,1,4,-5,1
15,104985,2024,11,23,80,14,45,0,2,0.48,18,3,21,-3,1
16,107928,2024,11,23,80,77,36,0,1,0.34,10,3,17,-5,1
18,107595,2024,11,23,80,77,36,0,2,0.7,10,2,18,-1,1
14,106201,2024,11,23,80,43,23,0,1,0.32,2,3,16,-3,1
15,102724,2024,11,23,80,43,23,0,2,0.52,2,2,10,1,1
9,106263,2024,11,23,80,10,30,0,1,0.2,11,2,10,-5,1
1,103190,2024,11,23,80,44,41,0,1,0.26,5,2,13,1,1
5,103830,2024,11,23,80,44,41,0,2,0.54,5,3,15,0,1
5,106441,2024,11,23,80,27,39,0,1,0.28,12,2,14,-1,1
7,103457,2024,11,23,80,27,39,0,2,0.66,12,3,19,-1,1
13,106707,2024,11,23,80,30,24,0,1,0.22,17,2,11,-1,1
15,105262,2024,11,23,80,30,24,0,2,0.76,17,3,28,-2,1
7,107546,2024,11,23,80,16,28,0,1,0.18,16,2,9,-3,1
2,102968,2024,11,23,80,16,28,0,2,0.62,16,3,22,0,1
14,107306,2024,11,23,80,20,33,0,1,0.34,8,2,17,-5,1
10,105240,2024,11,23,80,4,26,0,1,0.18,5,2,9,-5,1
4,104646,2024,11,23,80,4,26,0,2,0.6,5,3,21,-1,1
6,100900,2024,11,23,80,4,26,0,3,0.96,5,3,18,0,1
6,105832,2024,11,23,80,31,29,1,1,0.22,11,2,11,0,1
15,114887,2024,11,23,80,31,29,0,2,0.24,11,2,12,-9,1
16,103454,2024,11,23,80,31,29,0,3,0.9,11,3,33,-1,1
7,108327,2024,11,23,80,11,36,0,1,0.34,15,3,17,-3,1
8,103652,2024,11,23,80,11,36,0,2,0.64,15,2,15,0,1
11,105430,2024,11,23,80,81,25,0,1,0.2,3,2,10,-3,0
9,103929,2024,11,23,80,81,25,0,2,0.5,3,3,15,-1,1
1,103522,2024,11,23,80,63,28,0,1,0.24,5,2,13,0,1
1,102229,2024,11,23,80,63,28,0,2,0.64,5,3,21,0,1
3,106562,2024,11,23,80,55,31,0,1,0.2,18,2,10,-1,1
3,103655,2024,11,23,80,55,31,0,2,0.56,18,3,18,1,1
19,105282,2024,11,23,80,18,27,0,1,0.18,6,2,10,-2,0
14,106525,2024,11,23,80,18,27,0,2,0.56,6,3,20,-1,1
10,105973,2024,11,23,80,22,26,0,1,0.2,14,2,10,-4,1
8,104582,2024,11,23,80,22,26,0,2,0.58,14,3,20,-1,1
2,104351,2024,11,23,80,33,28,0,1,0.22,9,2,11,0,1
3,103108,2024,11,23,80,33,28,0,2,0.54,9,3,16,-1,1
9,106469,2024,11,23,80,24,27,0,1,0.22,7,2,12,-2,1
12,104144,2024,11,23,80,24,27,0,2,0.68,7,3,24,-3,1
14,103792,2025,11,23,80,23,30,1,1,0.26,19,3,13,-1,1
18,122604,2025,11,23,80,23,30,0,2,0.28,19,2,1,-4,0
18,100698,2025,11,23,80,23,30,0,3,0.68,19,3,20,-2,0
12,123307,2025,11,23,80,14,45,0,1,0.32,18,2,16,-3,1
14,122573,2025,11,23,80,12,19,0,1,0.04,13,1,2,0,1
11,102814,2025,11,23,80,38,21,0,1,0.34,5,2,17,-3,1
19,130427,2025,11,23,80,5,21,0,1,0.02,4,3,1,0,0
17,102106,2025,11,23,80,43,23,0,1,0.5,2,3,25,-3,1
17,128486,2025,11,23,80,10,30,0,1,0.04,11,2,2,0,0
8,102417,2025,11,23,80,6,21,0,1,0.4,11,2,20,-2,1
6,100519,2025,11,23,80,44,41,0,1,0.58,5,3,29,-1,1
5,100783,2025,11,23,80,27,39,0,1,0.6,12,3,30,-1,1
16,137377,2025,11,23,80,30,24,0,1,0.04,17,2,2,-10,0
15,102231,2025,11,23,80,30,24,0,2,0.56,17,3,26,0,1
4,100815,2025,11,23,80,16,28,0,1,0.48,16,2,24,-2,1
2,101141,2025,11,23,80,4,26,0,1,0.44,5,2,22,0,1
10,101965,2025,11,23,80,31,29,0,1,0.54,11,2,27,-3,1
6,100682,2025,11,23,80,81,25,0,1,0.42,3,2,21,-1,1
3,100031,2025,11,23,80,63,28,0,1,0.34,5,2,17,-1,1
5,102420,2025,11,23,80,55,31,0,1,0.44,18,2,22,-2,1
18,117698,2025,11,23,80,22,26,0,1,0.02,14,2,1,0,1
16,101343,2025,11,23,80,22,26,0,2,0.54,14,3,26,-2,1
1,100284,2025,11,23,80,33,28,0,1,0.5,9,2,25,0,1
16,89558,2022,10,30,32,23,30,0,1,0.535211268,19,2,38,-2,1
7,89420,2022,10,30,32,14,45,0,1,0.563380282,18,2,40,-2,1
8,88292,2022,10,30,32,77,36,0,1,0.549295775,10,2,39,-1,0
14,88285,2022,10,30,32,10,30,0,1,0.563380282,11,2,40,-2,0
1,86247,2022,10,30,32,44,41,0,1,0.408450704,5,2,29,0,1
19,89760,2022,10,30,32,6,31,0,1,0.323943662,6,1,23,-1,0
19,88407,2022,10,30,32,6,31,0,2,0.732394366,6,3,29,0,0
6,87759,2022,10,30,32,16,28,0,1,0.394366197,16,1,30,0,1
18,88642,2022,10,30,32,20,33,0,1,0.535211268,8,2,38,0,0
18,88911,2022,10,30,32,47,27,0,1,0.338028169,12,1,29,-1,0
10,87562,2022,10,30,32,4,26,0,1,0.436619718,5,2,31,-2,1
8,87662,2022,10,30,32,31,29,0,1,0.464788732,11,2,33,-1,1
4,87186,2022,10,30,32,11,36,0,1,0.323943662,15,1,26,-1,0
8,87285,2022,10,30,32,3,37,0,1,0.61971831,3,2,44,-1,1
1,86763,2022,10,30,32,63,28,0,1,0.478873239,5,2,34,0,1
4,85973,2022,10,30,32,63,28,0,2,0.971830986,5,3,35,0,1
5,87560,2022,10,30,32,55,31,0,1,0.408450704,18,1,32,-1,1
17,88797,2022,10,30,32,18,27,0,1,0.23943662,6,2,18,-1,0
16,88255,2022,10,30,32,18,27,0,2,0.563380282,6,1,23,-1,1
12,88031,2022,10,30,32,22,26,0,1,0.408450704,14,1,29,-1,1
2,86845,2022,10,30,32,33,28,0,1,0.352112676,9,1,28,-1,1
13,88890,2022,10,30,32,5,39,0,1,0.535211268,12,1,38,-2,1
11,89926,2022,10,30,32,24,27,0,1,0.633802817,7,2,45,-2,0
9,106537,2023,10,29,32,23,30,0,1,0.464788732,19,3,33,0,0
15,88472,2023,10,29,32,14,45,0,1,0.408450704,18,2,30,-1,1
11,88264,2023,10,29,32,77,36,0,1,0.436619718,10,2,31,-1,0
6,87810,2023,10,29,32,10,30,0,1,0.394366197,11,2,28,0,1
3,86973,2023,10,29,32,44,41,0,1,0.338028169,5,2,24,0,1
9,88600,2023,10,29,32,27,39,0,1,0.323943662,12,2,23,-1,1
1,87924,2023,10,29,32,16,28,0,1,0.436619718,16,2,31,0,1
13,88228,2023,10,29,32,20,33,0,1,0.323943662,8,2,23,-1,0
15,87653,2023,10,29,32,4,26,0,1,0.154929577,5,1,11,-1,1
8,106374,2023,10,29,32,4,26,0,2,0.464788732,5,3,22,0,1
6,87574,2023,10,29,32,81,25,0,1,0.352112676,3,2,25,0,0
4,87032,2023,10,29,32,3,37,0,1,0.38028169,3,2,27,0,1
5,87165,2023,10,29,32,63,28,0,1,0.366197183,5,2,26,0,1
3,87640,2023,10,29,32,55,31,0,1,0.422535211,18,2,30,0,1
14,88753,2023,10,29,32,2,25,0,1,0.309859155,1,2,22,0,0
12,90059,2023,10,29,32,18,27,0,1,0.422535211,6,2,31,-1,1
17,88908,2023,10,29,32,22,26,0,1,0.126760563,14,2,9,-3,0
1,86825,2023,10,29,32,33,28,0,1,0.267605634,9,2,19,0,1
1,95664,2023,10,29,32,33,28,0,2,0.464788732,9,3,14,0,1
13,88634,2023,10,29,32,24,27,0,1,0.295774648,7,2,21,-2,1
13,85822,2024,10,27,32,77,36,0,1,0.690140845,10,3,50,-2,1
10,87309,2024,10,27,32,43,23,0,1,0.661971831,2,3,47,-1,0
10,87318,2024,10,27,32,10,30,0,1,0.394366197,11,2,28,-2,1
5,87112,2024,10,27,32,44,41,0,1,0.394366197,5,2,28,0,1
6,86750,2024,10,27,32,27,39,0,1,0.408450704,12,2,29,1,1
10,86308,2024,10,27,32,30,24,0,1,0.549295775,17,3,39,-2,1
13,91102,2024,10,27,32,30,24,0,2,0.915492958,17,2,26,-1,0
2,85993,2024,10,27,32,16,28,0,1,0.436619718,16,2,31,0,1
3,84799,2024,10,27,32,16,28,0,2,0.971830986,16,3,38,0,1
5,87122,2024,10,27,32,20,33,0,1,0.422535211,8,2,30,0,1
3,86051,2024,10,27,32,4,26,0,1,0.422535211,5,2,30,0,1
14,88340,2024,10,27,32,31,29,0,1,0.676056338,11,3,48,-1,1
15,89685,2024,10,27,32,11,36,0,1,0.281690141,15,3,20,-4,0
17,87059,2024,10,27,32,11,36,0,2,0.605633803,15,2,23,0,1
15,85925,2024,10,27,32,11,36,0,3,0.957746479,15,2,25,0,1
7,85068,2024,10,27,32,81,25,0,1,0.549295775,3,2,39,-1,1
3,85753,2024,10,27,32,63,28,0,1,0.436619718,5,2,31,1,1
1,85108,2024,10,27,32,55,31,0,1,0.450704225,18,2,32,0,1
14,87333,2024,10,27,32,18,27,0,1,0.366197183,6,2,27,-2,1
4,85562,2024,10,27,32,33,28,0,1,0.366197183,9,2,26,-1,0
16,87429,2024,10,27,32,24,27,0,1,0.605633803,7,3,44,-1,1
13,86735,2025,10,26,32,23,30,0,1,0.577464789,19,3,41,-1,1
15,88541,2025,10,26,32,14,45,0,1,0.281690141,18,1,20,-2,0
8,86134,2025,10,26,32,12,19,0,1,0.309859155,13,1,25,-2,1
6,86184,2025,10,26,32,12,19,0,2,0.661971831,13,2,25,-1,0
4,86191,2025,10,26,32,38,21,0,1,0.338028169,5,1,27,-1,1
3,85115,2025,10,26,32,38,21,0,2,0.676056338,5,2,24,0,1
10,86807,2025,10,26,32,5,21,0,1,0.521126761,4,2,37,1,1
17,87326,2025,10,26,32,43,23,0,1,0.676056338,2,3,48,-1,1
18,88210,2025,10,26,32,10,30,0,1,0.464788732,11,2,33,-1,1
12,87423,2025,10,26,32,6,21,0,1,0.478873239,11,2,34,-2,1
4,88985,2025,10,26,32,44,41,0,1,0.323943662,5,1,26,-1,0
8,86636,2025,10,26,32,44,41,0,2,0.661971831,5,2,24,-1,1
19,91076,2025,10,26,32,30,24,0,1,0.028169014,17,1,2,-5,0
2,87353,2025,10,26,32,16,28,0,1,0.436619718,16,1,31,0,1
1,86035,2025,10,26,32,4,26,0,1,0.478873239,5,1,34,0,1
8,87287,2025,10,26,32,31,29,0,1,0.38028169,11,1,27,-3,1
6,86653,2025,10,26,32,81,25,0,1,0.338028169,3,1,27,1,1
7,86262,2025,10,26,32,81,25,0,2,0.661971831,3,2,23,-1,1
4,86420,2025,10,26,32,63,28,0,1,0.352112676,5,1,28,1,1
4,85208,2025,10,26,32,63,28,0,2,0.676056338,5,2,23,0,1
15,87173,2025,10,26,32,55,31,0,1,0.23943662,18,2,17,-2,1
9,86002,2025,10,26,32,55,31,0,2,0.647887324,18,1,32,0,0
13,85116,2025,10,26,32,55,31,0,3,0.788732394,18,1,13,0,1
12,87111,2025,10,26,32,18,27,0,1,0.366197183,6,1,26,-1,1
11,85444,2025,10,26,32,18,27,0,2,0.605633803,6,2,18,0,0
9,87065,2025,10,26,32,22,26,0,1,0.507042254,14,2,36,0,0
2,87255,2025,10,26,32,33,28,0,1,0.521126761,9,2,37,0,1
12,100786,2022,5,8,79,23,30,0,1,0.280701754,19,2,16,0,1
9,101221,2022,5,8,79,14,45,0,1,0.263157895,18,2,15,-1,1
5,99185,2022,5,8,79,77,36,0,1,0.456140351,10,2,26,0,1
7,100169,2022,5,8,79,10,30,0,1,0.280701754,11,2,16,0,1
15,123527,2022,5,8,79,10,30,0,2,0.701754386,11,3,24,-4,1
6,99933,2022,5,8,79,44,41,0,1,0.385964912,5,2,22,0,1
19,100889,2022,5,8,79,6,31,0,1,0.596491228,6,3,34,0,1
3,98829,2022,5,8,79,16,28,0,1,0.421052632,16,2,24,-1,1
13,101389,2022,5,8,79,20,33,0,1,0.210526316,8,2,12,-3,1
11,120983,2022,5,8,79,20,33,0,2,0.736842105,8,3,30,0,1
12,101306,2022,5,8,79,47,27,0,1,0.245614035,12,2,14,-2,1
16,111020,2022,5,8,79,47,27,0,2,0.947368421,12,3,40,-6,0
8,99685,2022,5,8,79,4,26,0,1,0.315789474,5,2,18,-1,1
8,122285,2022,5,8,79,31,29,0,1,0.719298246,11,3,41,0,1
4,99943,2022,5,8,79,11,36,0,1,0.473684211,15,2,27,-1,1
4,126061,2022,5,8,79,11,36,0,2,0.719298246,15,3,14,0,1
10,100604,2022,5,8,79,3,37,0,1,0.526315789,3,2,30,-2,1
15,124844,2022,5,8,79,3,37,0,2,0.719298246,3,3,11,1,1
7,103317,2022,5,8,79,63,28,0,1,0.701754386,5,3,40,-2,1
1,99604,2022,5,8,79,55,31,0,1,0.473684211,18,2,27,1,1
11,109446,2022,5,8,79,18,27,0,1,0.701754386,6,3,42,-1,1
16,101385,2022,5,8,79,22,26,0,1,0.192982456,14,2,11,-3,1
17,170085,2022,5,8,79,22,26,0,2,0.719298246,14,,,0,1
1,98505,2022,5,8,79,33,28,0,1,0.456140351,9,2,26,0,1
14,125540,2022,5,8,79,5,39,0,1,0.719298246,12,3,43,-1,1
14,99058,2023,5,7,79,23,30,0,1,0.385964912,19,2,22,-5,1
2,97282,2023,5,7,79,14,45,0,1,0.421052632,18,2,25,0,1
15,99631,2023,5,7,79,77,36,0,1,0.263157895,10,2,15,-6,1
17,98808,2023,5,7,79,21,31,0,1,0.263157895,9,2,15,0,1
8,98406,2023,5,7,79,10,30,0,1,0.263157895,11,2,15,-2,1
7,97819,2023,5,7,79,44,41,0,1,0.649122807,5,3,37,0,1
13,100557,2023,5,7,79,27,39,0,1,0.578947368,12,3,33,-5,1
7,97645,2023,5,7,79,16,28,0,1,0.298245614,16,2,17,-1,1
12,98728,2023,5,7,79,20,33,0,1,0.245614035,8,2,14,-5,1
19,98826,2023,5,7,79,4,26,0,1,0.070175439,5,1,4,-1,0
6,97507,2023,5,7,79,31,29,0,1,0.684210526,11,3,39,0,1
3,97863,2023,5,7,79,11,36,0,1,0.350877193,15,2,20,-2,1
18,98967,2023,5,7,79,81,25,0,1,0.087719298,3,1,5,-4,1
5,97609,2023,5,7,79,63,28,0,1,0.298245614,5,2,17,0,1
4,97311,2023,5,7,79,55,31,0,1,0.315789474,18,2,18,0,1
20,101093,2023,5,7,79,2,25,0,1,0.035087719,1,2,2,-2,0
8,97256,2023,5,7,79,18,27,0,1,0.736842105,6,3,43,-1,1
10,97007,2023,5,7,79,22,26,0,1,0.631578947,14,3,36,-2,1
1,95856,2023,5,7,79,33,28,0,1,0.789473684,9,3,45,0,1
15,97610,2023,5,7,79,24,27,0,1,0.543859649,7,3,31,-1,1
18,99601,2024,5,5,79,23,30,0,1,0.175438596,19,2,10,-4,1
19,106697,2024,5,5,79,23,30,0,2,0.929824561,19,3,43,-4,1
12,102401,2024,5,5,79,14,45,0,1,0.385964912,18,3,23,-1,1
19,99656,2024,5,5,79,77,36,0,1,0.192982456,10,1,11,-2,0
18,130736,2024,5,5,79,77,36,0,2,0.50877193,10,3,18,0,1
14,99216,2024,5,5,79,10,30,0,1,0.210526316,11,2,12,-3,1
7,99049,2024,5,5,79,44,41,0,1,0.456140351,5,3,26,-1,1
12,100420,2024,5,5,79,27,39,0,1,0.210526316,12,2,12,-4,1
16,115429,2024,5,5,79,27,39,0,2,0.49122807,12,3,16,-1,1
4,98239,2024,5,5,79,16,28,0,1,0.333333333,16,2,19,-1,1
14,104467,2024,5,5,79,20,33,0,1,0.385964912,8,3,22,-1,1
19,146123,2024,5,5,79,20,33,0,2,0.49122807,8,2,6,0,0
19,100373,2024,5,5,79,20,33,0,3,0.543859649,8,2,3,0,0
1,133364,2024,5,5,79,4,26,0,1,0.50877193,5,2,29,0,1
10,102357,2024,5,5,79,31,29,0,1,0.385964912,11,2,22,0,1
6,98985,2024,5,5,79,11,36,0,1,0.298245614,15,2,17,-1,1
6,107036,2024,5,5,79,11,36,0,2,0.49122807,15,3,11,0,1
2,97602,2024,5,5,79,81,25,0,1,0.473684211,3,2,27,-1,1
11,100795,2024,5,5,79,81,25,0,2,0.701754386,3,3,13,-6,0
13,113429,2024,5,5,79,3,37,0,1,0.49122807,3,3,28,-2,1
9,98070,2024,5,5,79,63,28,0,1,0.421052632,5,2,27,-2,1
3,97282,2024,5,5,79,55,31,0,1,0.473684211,18,2,27,-1,1
16,99392,2024,5,5,79,2,25,0,1,0.192982456,1,2,11,-1,1
14,100203,2024,5,5,79,18,27,0,1,0.192982456,6,2,12,-3,1
17,116594,2024,5,5,79,18,27,0,2,0.49122807,6,3,18,-1,1
7,107670,2024,5,5,79,22,26,0,1,0.49122807,14,2,28,0,1
2,111938,2024,5,5,79,33,28,0,1,0.403508772,9,2,23,-1,1
10,113108,2024,5,5,79,24,27,0,1,0.49122807,7,2,28,-2,1
5,97279,2025,5,4,79,23,30,0,1,0.456140351,19,2,2,0,1
15,108651,2025,5,4,79,14,45,0,1,0.49122807,18,3,6,-1,0
6,97258,2025,5,4,79,12,19,0,1,0.438596491,13,2,1,-2,0
16,98410,2025,5,4,79,5,21,0,1,0.333333333,4,,,-3,1
13,98570,2025,5,4,79,10,30,0,1,0.561403509,11,3,9,-1,1
13,98581,2025,5,4,79,6,21,0,1,0.385964912,11,,,-1,1
6,99786,2025,5,4,79,44,41,0,1,0.49122807,5,3,5,1,1
13,97202,2025,5,4,79,27,39,0,1,0.631578947,12,3,13,-2,1
18,118141,2025,5,4,79,30,24,0,1,0.49122807,17,3,5,1,1
4,131178,2025,5,4,79,16,28,0,1,0.50877193,16,2,5,0,1
2,121886,2025,5,4,79,4,26,0,1,0.50877193,5,2,5,0,1
11,98825,2025,5,4,79,31,29,0,1,0.403508772,11,,,0,1
1,119118,2025,5,4,79,81,25,0,1,0.50877193,3,2,5,0,1
3,128381,2025,5,4,79,63,28,0,1,0.50877193,5,3,5,0,0
9,97333,2025,5,4,79,55,31,0,1,0.438596491,18,2,7,-2,1
17,98388,2025,5,4,79,18,27,0,1,0.350877193,6,,,-3,1
6,97380,2025,5,4,79,22,26,0,1,0.473684211,14,2,3,1,1
4,96935,2025,5,4,79,33,28,0,1,0.456140351,9,2,2,-1,1
19,114036,2022,5,29,6,23,30,0,1,0.230769231,19,5,18,-3,0
19,130065,2022,5,29,6,23,30,0,2,0.282051282,19,,,-3,0
7,109636,2022,5,29,6,14,45,0,1,0.269230769,18,5,21,-1,0
13,109539,2022,5,29,6,77,36,0,1,0.256410256,10,5,20,-3,0
18,154889,2022,5,29,6,10,30,0,1,0.025641026,11,,,-1,0
13,113986,2022,5,29,6,10,30,0,2,0.282051282,11,4,21,-3,0
9,110385,2022,5,29,6,44,41,0,1,0.192307692,5,5,15,-1,0
8,105059,2022,5,29,6,44,41,0,2,0.282051282,5,,,0,0
20,226277,2022,5,29,6,6,31,1,1,0.012820513,6,5,1,0,0
20,129418,2022,5,29,6,6,31,0,2,0.025641026,6,4,1,0,0
19,113355,2022,5,29,6,6,31,0,3,0.243589744,6,3,17,-1,0
3,110848,2022,5,29,6,16,28,0,1,0.230769231,16,5,18,-2,0
4,106560,2022,5,29,6,16,28,0,2,0.269230769,16,,,-1,0
17,123868,2022,5,29,6,47,27,0,1,0.051282051,12,5,4,-2,0
20,125649,2022,5,29,6,47,27,0,2,0.217948718,12,4,13,-3,0
7,109364,2022,5,29,6,4,26,0,1,0.217948718,5,5,17,-3,0
5,104131,2022,5,29,6,4,26,0,2,0.282051282,5,,,0,0
6,95948,2022,5,29,6,4,26,0,4,0.653846154,5,3,29,0,0
9,107323,2022,5,29,6,31,29,0,1,0.269230769,11,5,21,-1,0
5,108107,2022,5,29,6,11,36,0,1,0.205128205,15,5,16,-2,0
1,103440,2022,5,29,6,11,36,0,2,0.282051282,15,,,0,0
16,113645,2022,5,29,6,3,37,0,1,0.243589744,3,5,19,-3,0
6,108014,2022,5,29,6,63,28,0,1,0.269230769,5,5,21,-1,0
3,107551,2022,5,29,6,55,31,0,1,0.269230769,18,5,21,-2,0
19,205123,2022,5,29,6,18,27,1,1,0.012820513,6,5,1,0,0
19,136634,2022,5,29,6,18,27,0,2,0.025641026,6,5,2,0,0
14,105702,2022,5,29,6,18,27,0,3,0.307692308,6,4,22,-4,0
17,120171,2022,5,29,6,22,26,0,1,0.076923077,14,5,6,-6,0
15,109850,2022,5,29,6,22,26,0,2,0.269230769,14,4,15,-1,0
17,110325,2022,5,29,6,22,26,0,4,0.717948718,14,2,27,-2,0
4,109118,2022,5,29,6,33,28,0,1,0.230769231,9,5,18,-1,0
3,104688,2022,5,29,6,33,28,0,2,0.282051282,9,,,-1,0
16,124976,2022,5,29,6,5,39,0,1,0.076923077,12,5,6,-7,0
12,105460,2022,5,29,6,5,39,0,2,0.294871795,12,4,17,-3,0
17,113108,2022,5,29,6,24,27,0,1,0.243589744,7,5,19,-2,0
20,98414,2023,5,28,6,23,30,0,1,0.230769231,19,2,18,-7,0
19,115852,2023,5,28,6,23,30,0,2,0.666666667,19,3,34,-3,0
2,110311,2023,5,28,6,14,45,1,1,0.692307692,18,3,55,0,0
2,126635,2023,5,28,6,14,45,0,2,0.705128205,18,2,2,0,0
18,109586,2023,5,28,6,77,36,0,1,0.653846154,10,3,51,-5,0
13,118795,2023,5,28,6,21,31,0,1,0.679487179,9,2,53,-1,0
7,93267,2023,5,28,6,10,30,0,1,0.602564103,11,3,47,-4,0
8,121097,2023,5,28,6,10,30,0,2,0.692307692,11,2,7,0,0
8,95467,2023,5,28,6,44,41,0,1,0.397435897,5,2,31,-3,0
7,115141,2023,5,28,6,44,41,0,2,0.692307692,5,3,23,-1,0
20,120092,2023,5,28,6,27,39,0,1,0.012820513,12,2,1,0,0
18,139643,2023,5,28,6,27,39,0,2,0.692307692,12,3,53,-4,0
17,119463,2023,5,28,6,27,39,0,3,0.756410256,12,4,5,-1,0
8,95442,2023,5,28,6,16,28,0,1,0.564102564,16,3,44,-5,0
6,129246,2023,5,28,6,16,28,0,2,0.705128205,16,2,11,-2,0
19,192063,2023,5,28,6,20,33,0,1,0.717948718,8,,,-3,0
11,95974,2023,5,28,6,4,26,0,1,0.641025641,5,2,50,-1,0
11,132003,2023,5,28,6,4,26,0,2,0.692307692,5,3,4,-1,0
7,94668,2023,5,28,6,31,29,0,1,0.41025641,11,2,32,-4,0
6,114547,2023,5,28,6,31,29,0,2,0.692307692,11,3,22,-2,0
18,118190,2023,5,28,6,11,36,0,1,0.012820513,15,2,1,0,0
19,106451,2023,5,28,6,11,36,0,2,0.435897436,15,3,33,-3,0
19,115544,2023,5,28,6,11,36,0,3,0.679487179,15,2,20,-4,0
17,125839,2023,5,28,6,11,36,0,4,0.730769231,15,4,4,-1,0
17,118066,2023,5,28,6,11,36,0,5,0.897435897,15,5,13,-1,0
10,131859,2023,5,28,6,81,25,0,1,0.692307692,3,3,54,-1,0
5,117545,2023,5,28,6,63,28,0,1,0.692307692,5,3,54,-2,0
6,93612,2023,5,28,6,55,31,0,1,0.423076923,18,3,33,-3,0
8,139381,2023,5,28,6,55,31,0,2,0.705128205,18,2,22,-5,0
20,97211,2023,5,28,6,2,25,0,1,0.256410256,1,2,20,-2,0
20,98195,2023,5,28,6,2,25,0,2,0.294871795,1,3,3,0,0
20,117918,2023,5,28,6,2,25,0,3,0.666666667,1,1,29,0,0
19,104501,2023,5,28,6,18,27,0,1,0.653846154,6,3,52,-4,0
11,125687,2023,5,28,6,22,26,0,1,0.679487179,14,2,53,-2,0
1,130567,2023,5,28,6,33,28,0,1,0.705128205,9,2,55,0,0
19,118785,2023,5,28,6,24,27,0,1,0.012820513,7,1,1,0,0
18,111997,2023,5,28,6,24,27,0,2,0.666666667,7,3,51,-3,0
16,97899,2024,5,26,6,77,36,0,2,0.192307692,10,2,14,-2,0
7,95209,2024,5,26,6,44,41,0,2,0.653846154,5,2,50,0,0
16,97746,2024,5,26,6,2,25,0,2,0.730769231,1,3,57,-1,0
11,97062,2024,5,26,6,18,27,0,2,0.538461538,6,2,42,0,0
16,109132,2024,5,26,6,18,27,0,3,0.615384615,6,3,8,-5,0
6,93905,2024,5,26,6,33,28,0,2,0.666666667,9,2,51,0,0
16,100898,2024,5,26,6,24,27,0,2,0.897435897,7,3,69,0,0
9,92994,2025,5,25,6,23,30,0,1,0.41025641,19,2,36,-1,0
9,92156,2025,5,25,6,23,30,0,2,0.512820513,19,2,16,0,0
6,94168,2025,5,25,6,14,45,0,1,0.205128205,18,3,17,-1,0
18,94121,2025,5,25,6,12,19,0,1,0.884615385,13,3,69,-6,0
18,91512,2025,5,25,6,12,19,0,2,0.91025641,13,2,2,0,0
19,139932,2025,5,25,6,38,21,0,1,0.012820513,5,2,1,0,0
19,97866,2025,5,25,6,38,21,0,2,0.217948718,5,3,16,-3,0
20,145564,2025,5,25,6,5,21,0,1,0.012820513,4,2,1,0,0
18,96175,2025,5,25,6,5,21,0,2,0.333333333,4,3,25,-3,0
19,95247,2025,5,25,6,5,21,0,3,0.448717949,4,1,9,-1,0
19,95917,2025,5,25,6,43,23,0,1,0.166666667,2,3,13,-5,0
19,95572,2025,5,25,6,43,23,0,2,0.333333333,2,2,20,-2,0
18,112223,2025,5,25,6,10,30,0,1,0.012820513,11,2,7,0,0
8,94072,2025,5,25,6,6,21,0,1,0.179487179,11,2,14,-3,0
8,93324,2025,5,25,6,6,21,0,2,0.243589744,11,1,8,-2,0
5,91862,2025,5,25,6,44,41,0,1,0.230769231,5,3,18,0,0
5,93566,2025,5,25,6,44,41,0,2,0.717948718,5,3,39,0,0
19,96743,2025,5,25,6,27,39,0,1,0.153846154,12,2,12,-7,0
18,95627,2025,5,25,6,27,39,0,2,0.564102564,12,3,32,-4,0
10,93531,2025,5,25,6,30,24,0,1,0.397435897,17,2,31,-2,0
8,92467,2025,5,25,6,30,24,0,2,0.512820513,17,1,12,0,0
3,92412,2025,5,25,6,16,28,0,1,0.282051282,16,2,22,-2,0
3,91977,2025,5,25,6,16,28,0,2,0.628205128,16,3,27,-1,0
4,92254,2025,5,25,6,4,26,0,1,0.243589744,5,2,19,-3,0
2,90893,2025,5,25,6,4,26,0,2,0.641025641,5,3,31,-1,0
8,94940,2025,5,25,6,31,29,0,1,0.205128205,11,2,16,-1,0
10,94005,2025,5,25,6,31,29,0,2,0.358974359,11,2,16,-3,0
4,93720,2025,5,25,6,81,25,0,1,0.256410256,3,2,20,-2,0
4,91028,2025,5,25,6,81,25,0,2,0.615384615,3,3,28,-1,0
10,87933,2025,5,25,6,63,28,0,1,0.679487179,5,3,53,0,1
11,94078,2025,5,25,6,63,28,0,2,0.794871795,5,2,9,-1,0
11,91077,2025,5,25,6,63,28,0,3,0.871794872,5,2,15,0,0
9,92875,2025,5,25,6,55,31,0,1,0.615384615,18,3,48,0,0
9,91446,2025,5,25,6,55,31,0,2,0.679487179,18,2,5,0,0
18,97825,2025,5,25,6,18,27,0,1,0.217948718,6,3,18,-4,0
18,97177,2025,5,25,6,18,27,0,2,0.820512821,6,3,48,-4,0
17,110476,2025,5,25,6,22,26,0,1,0.012820513,14,1,1,0,0
17,91926,2025,5,25,6,22,26,0,2,0.935897436,14,3,72,-5,0
4,92651,2025,5,25,6,33,28,0,1,0.358974359,9,3,28,-3,0
4,93332,2025,5,25,6,33,28,0,2,0.987179487,9,2,49,-3,0
2,93029,2023,10,8,78,23,30,0,1,0.315789474,19,2,18,0,0
6,92175,2023,10,8,78,23,30,0,2,0.543859649,19,2,13,-1,0
9,92935,2023,10,8,78,23,30,0,3,0.771929825,19,3,13,1,0
4,94065,2023,10,8,78,14,45,0,1,0.192982456,18,2,16,-1,0
3,92539,2023,10,8,78,14,45,0,2,0.456140351,18,2,20,0,0
5,91812,2023,10,8,78,14,45,0,3,0.771929825,18,3,18,1,0
12,148157,2023,10,8,78,77,36,0,1,0.052631579,10,1,6,-3,0
6,94304,2023,10,8,78,77,36,0,2,0.368421053,10,2,18,-2,0
9,92330,2023,10,8,78,77,36,0,3,0.684210526,10,3,18,-1,0
7,94153,2023,10,8,78,10,30,0,1,0.192982456,11,2,18,-1,0
6,92649,2023,10,8,78,10,30,0,2,0.456140351,11,2,20,0,0
6,91055,2023,10,8,78,10,30,0,3,0.771929825,11,3,18,1,0
6,96246,2023,10,8,78,27,39,0,1,0.228070175,12,2,20,-1,0
11,94051,2023,10,8,78,27,39,0,2,0.473684211,12,3,14,-1,0
18,92637,2023,10,8,78,27,39,0,3,0.684210526,12,2,18,-1,0
17,143644,2023,10,8,78,30,24,0,1,0.052631579,17,1,3,-2,0
15,94906,2023,10,8,78,30,24,0,2,0.368421053,17,3,18,-3,0
16,92688,2023,10,8,78,30,24,0,3,0.684210526,17,3,18,0,0
4,93651,2023,10,8,78,16,28,0,1,0.210526316,16,2,20,-1,0
7,93572,2023,10,8,78,16,28,0,2,0.438596491,16,2,20,-2,0
5,90705,2023,10,8,78,16,28,0,3,0.754385965,16,3,18,0,0
15,143995,2023,10,8,78,20,33,0,1,0.052631579,8,1,3,-1,0
14,94049,2023,10,8,78,20,33,0,2,0.368421053,8,2,18,-3,0
13,91105,2023,10,8,78,20,33,0,3,0.684210526,8,3,18,-1,0
2,92790,2023,10,8,78,4,26,0,1,0.228070175,5,2,20,1,0
2,91183,2023,10,8,78,4,26,0,2,0.473684211,5,2,20,0,0
2,89974,2023,10,8,78,4,26,0,3,0.771929825,5,2,17,0,0
7,94408,2023,10,8,78,31,29,0,1,0.175438596,11,2,17,-2,0
9,92909,2023,10,8,78,31,29,0,2,0.438596491,11,2,20,-3,0
8,91198,2023,10,8,78,31,29,0,3,0.754385965,11,3,18,-1,0
3,92575,2023,10,8,78,11,36,0,1,0.298245614,15,3,17,0,0
4,92015,2023,10,8,78,11,36,0,2,0.543859649,15,2,20,-1,0
9,90947,2023,10,8,78,11,36,0,3,0.754385965,15,2,18,0,0
2,93032,2023,10,8,78,81,25,0,1,0.210526316,3,2,18,0,0
2,92039,2023,10,8,78,81,25,0,2,0.438596491,3,2,20,0,0
3,90329,2023,10,8,78,81,25,0,3,0.754385965,3,2,18,-1,0
18,136894,2023,10,8,78,63,28,0,1,0.01754386,5,2,8,0,0
2,92247,2023,10,8,78,63,28,0,2,0.245614035,5,2,20,1,0
2,90771,2023,10,8,78,63,28,0,3,0.561403509,5,2,18,0,0
2,89945,2023,10,8,78,63,28,0,4,0.877192982,5,3,18,0,0
9,94911,2023,10,8,78,2,25,0,1,0.228070175,1,2,13,-1,0
11,94588,2023,10,8,78,2,25,0,2,0.456140351,1,2,13,0,0
16,146047,2023,10,8,78,18,27,0,1,0.052631579,6,2,11,-3,0
10,95224,2023,10,8,78,18,27,0,2,0.368421053,6,2,18,-5,0
11,91946,2023,10,8,78,18,27,0,3,0.684210526,6,3,18,-1,0
14,95106,2023,10,8,78,22,26,0,1,0.157894737,14,2,9,-5,0
12,93639,2023,10,8,78,22,26,0,2,0.385964912,14,2,13,0,0
12,92204,2023,10,8,78,22,26,0,3,0.701754386,14,3,18,3,0
1,92205,2023,10,8,78,33,28,0,1,0.298245614,9,2,20,0,0
1,90996,2023,10,8,78,33,28,0,2,0.596491228,9,2,20,0,0
1,90719,2023,10,8,78,33,28,0,3,0.894736842,9,3,17,0,0
4,94117,2023,10,8,78,24,27,0,1,0.315789474,7,2,18,0,0
7,92795,2023,10,8,78,24,27,0,2,0.614035088,7,3,17,-3,0
7,90600,2023,10,8,78,24,27,0,3,0.912280702,7,3,17,-1,0
12,121917,2024,12,1,78,23,30,1,1,0.614035088,19,2,35,0,0
13,142739,2024,12,1,78,23,30,1,2,0.631578947,19,1,1,-1,1
13,118603,2024,12,1,78,23,30,0,3,0.649122807,19,1,2,0,0
14,92223,2024,12,1,78,23,30,0,4,0.964912281,19,1,20,-2,0
8,115097,2024,12,1,78,14,45,1,1,0.614035088,18,2,35,1,0
9,146362,2024,12,1,78,14,45,1,2,0.631578947,18,3,1,-1,0
10,135542,2024,12,1,78,14,45,0,3,0.649122807,18,2,7,-1,0
14,90542,2024,12,1,78,77,36,0,1,0.421052632,10,2,24,-1,0
17,150130,2024,12,1,78,77,36,1,2,0.614035088,10,,,0,0
17,171060,2024,12,1,78,77,36,0,3,0.631578947,10,,,0,0
6,111497,2024,12,1,78,10,30,1,1,0.614035088,11,2,35,1,0
6,142160,2024,12,1,78,10,30,1,2,0.631578947,11,3,1,0,1
6,141304,2024,12,1,78,10,30,0,3,0.649122807,11,3,2,0,0
15,136781,2024,12,1,78,44,41,1,1,0.596491228,5,2,34,-8,0
16,177756,2024,12,1,78,44,41,1,2,0.614035088,5,,,-1,1
16,169975,2024,12,1,78,44,41,0,3,0.631578947,5,,,0,0
14,89954,2024,12,1,78,44,41,0,4,0.824561404,5,3,13,-3,1
18,165271,2024,12,1,78,27,39,0,1,0.01754386,12,3,1,0,0
15,90767,2024,12,1,78,27,39,0,2,0.543859649,12,3,30,-1,0
14,116135,2024,12,1,78,27,39,1,3,0.631578947,12,2,5,1,0
14,119627,2024,12,1,78,27,39,0,4,0.649122807,12,2,6,0,0
14,123205,2024,12,1,78,30,24,1,1,0.614035088,17,2,35,-1,0
15,159436,2024,12,1,78,30,24,1,2,0.631578947,17,,,-1,1
15,115739,2024,12,1,78,30,24,0,3,0.649122807,17,3,2,0,0
15,120647,2024,12,1,78,30,24,0,4,0.701754386,17,3,5,-1,0
3,98515,2024,12,1,78,16,28,1,1,0.614035088,16,2,36,0,0
3,157723,2024,12,1,78,16,28,1,2,0.631578947,16,,,0,0
3,166965,2024,12,1,78,16,28,0,3,0.649122807,16,,,0,0
10,90050,2024,12,1,78,20,33,0,1,0.473684211,8,2,27,-2,0
11,125526,2024,12,1,78,20,33,1,2,0.631578947,8,3,9,2,1
11,130074,2024,12,1,78,20,33,0,3,0.649122807,8,3,10,0,0
2,93654,2024,12,1,78,4,26,1,1,0.614035088,5,2,35,0,0
2,170429,2024,12,1,78,4,26,1,2,0.631578947,5,,,0,0
2,167290,2024,12,1,78,4,26,0,3,0.649122807,5,,,0,0
4,87666,2024,12,1,78,4,26,0,4,0.789473684,5,3,10,-2,0
4,106636,2024,12,1,78,11,36,1,1,0.614035088,15,2,35,1,0
5,143642,2024,12,1,78,11,36,1,2,0.631578947,15,3,1,-1,1
5,158290,2024,12,1,78,11,36,0,3,0.649122807,15,,,0,0
4,89340,2024,12,1,78,81,25,0,1,0.596491228,3,2,34,-1,0
4,128140,2024,12,1,78,81,25,1,2,0.631578947,3,3,2,1,1
4,165540,2024,12,1,78,81,25,0,3,0.649122807,3,,,0,0
5,89591,2024,12,1,78,63,28,0,1,0.403508772,5,2,24,-2,0
7,114752,2024,12,1,78,63,28,1,2,0.614035088,5,3,12,1,0
7,142188,2024,12,1,78,63,28,1,3,0.631578947,5,3,1,0,1
7,134784,2024,12,1,78,63,28,0,4,0.649122807,5,3,2,0,0
6,107696,2024,12,1,78,55,31,0,1,0.596491228,18,2,35,-1,0
8,123309,2024,12,1,78,55,31,1,2,0.631578947,18,3,2,2,1
8,133402,2024,12,1,78,55,31,0,3,0.649122807,18,3,3,0,0
17,136793,2024,12,1,78,18,27,0,1,0.01754386,6,2,1,0,0
18,96330,2024,12,1,78,18,27,0,2,0.122807018,6,3,6,-1,0
11,121862,2024,12,1,78,22,26,1,1,0.614035088,14,2,35,0,0
12,143242,2024,12,1,78,22,26,1,2,0.631578947,14,3,1,-1,1
12,118996,2024,12,1,78,22,26,0,3,0.649122807,14,3,2,0,0
13,119241,2024,12,1,78,22,26,0,4,0.701754386,14,3,5,-2,0
1,92307,2024,12,1,78,33,28,1,1,0.614035088,9,2,35,0,0
1,169155,2024,12,1,78,33,28,1,2,0.631578947,9,,,0,0
1,168652,2024,12,1,78,33,28,0,3,0.649122807,9,,,0,1
9,115892,2024,12,1,78,24,27,1,1,0.614035088,7,2,35,1,0
10,146390,2024,12,1,78,24,27,1,2,0.631578947,7,3,1,-1,1
9,129664,2024,12,1,78,24,27,0,3,0.649122807,7,3,2,1,0
15,109685,2025,11,30,78,23,30,0,1,0.122807018,19,3,7,2,0
13,91241,2025,11,30,78,23,30,0,2,0.561403509,19,2,25,0,0
6,105813,2025,11,30,78,14,45,0,1,0.122807018,18,2,7,0,0
6,90639,2025,11,30,78,14,45,0,2,0.561403509,18,2,25,0,0
4,103942,2025,11,30,78,12,19,0,1,0.122807018,13,2,7,0,0
5,90776,2025,11,30,78,12,19,0,2,0.561403509,13,2,25,-1,0
11,108904,2025,11,30,78,38,21,0,1,0.122807018,5,2,7,1,0
10,91094,2025,11,30,78,38,21,0,2,0.561403509,5,2,25,0,0
19,90153,2025,11,30,78,38,21,0,3,0.701754386,5,3,8,-1,0
16,110552,2025,11,30,78,5,21,0,1,0.122807018,4,2,7,3,0
16,91602,2025,11,30,78,5,21,0,2,0.561403509,4,2,25,-1,0
18,110372,2025,11,30,78,43,23,0,1,0.122807018,2,3,7,2,0
17,91355,2025,11,30,78,43,23,0,2,0.561403509,2,2,25,-1,0
19,142022,2025,11,30,78,10,30,0,1,0.122807018,11,2,7,-10,0
18,94234,2025,11,30,78,10,30,0,2,0.561403509,11,3,25,0,0
8,106437,2025,11,30,78,6,21,0,1,0.122807018,11,2,7,0,0
7,90549,2025,11,30,78,6,21,0,2,0.561403509,11,2,25,0,0
13,109205,2025,11,30,78,44,41,0,1,0.122807018,5,1,7,1,0
14,91659,2025,11,30,78,44,41,0,2,0.561403509,5,2,25,0,0
12,109397,2025,11,30,78,30,24,0,1,0.122807018,17,2,7,1,0
11,91451,2025,11,30,78,30,24,0,2,0.561403509,17,2,25,0,0
9,107451,2025,11,30,78,16,28,0,1,0.122807018,16,2,7,2,0
9,91432,2025,11,30,78,16,28,0,2,0.561403509,16,2,25,0,0
2,90084,2025,11,30,78,4,26,0,1,0.438596491,5,2,25,-1,0
2,89254,2025,11,30,78,4,26,0,2,0.771929825,5,2,19,-1,0
4,127608,2025,11,30,78,31,29,1,1,0.140350877,11,2,8,6,0
19,160736,2025,11,30,78,31,29,0,2,0.157894737,11,,,-15,0
6,90888,2025,11,30,78,31,29,0,3,0.596491228,11,2,25,0,0
2,90513,2025,11,30,78,81,25,0,1,0.421052632,3,2,24,-1,0
1,89077,2025,11,30,78,81,25,0,2,0.736842105,3,2,18,0,0
7,105551,2025,11,30,78,63,28,0,1,0.122807018,5,2,7,0,0
8,90763,2025,11,30,78,63,28,0,2,0.561403509,5,2,25,0,0
5,104711,2025,11,30,78,55,31,0,1,0.122807018,18,2,7,0,0
3,90422,2025,11,30,78,55,31,0,2,0.561403509,18,2,25,-1,0
17,111704,2025,11,30,78,18,27,0,1,0.122807018,6,2,7,1,0
19,92338,2025,11,30,78,18,27,0,2,0.421052632,6,2,17,-3,0
13,89693,2025,11,30,78,18,27,0,3,0.859649123,6,2,25,-3,0
14,109215,2025,11,30,78,22,26,0,1,0.122807018,14,2,7,2,0
12,91141,2025,11,30,78,22,26,0,2,0.561403509,14,2,25,0,0
3,102211,2025,11,30,78,33,28,0,1,0.122807018,9,2,7,-1,0
1,89369,2025,11,30,78,33,28,0,2,0.561403509,9,2,25,0,0
17,101186,2022,3,27,77,23,30,0,1,0.26,19,2,13,-1,1
6,118830,2022,3,27,77,14,45,0,1,0.32,18,2,16,0,1
7,120798,2022,3,27,77,77,36,0,1,0.32,10,2,16,0,1
10,97908,2022,3,27,77,77,36,0,2,0.7,10,3,19,-1,1
11,99580,2022,3,27,77,10,30,0,1,0.3,11,2,15,0,1
6,123425,2022,3,27,77,44,41,0,1,0.8,5,3,41,0,1
13,100236,2022,3,27,77,27,39,0,1,0.74,12,3,38,-2,1
1,103840,2022,3,27,77,16,28,0,1,0.32,16,2,16,0,1
7,99989,2022,3,27,77,20,33,0,1,0.74,8,3,39,0,1
11,121650,2022,3,27,77,4,26,0,1,0.32,5,2,16,1,1
9,126558,2022,3,27,77,31,29,0,1,0.32,11,2,16,-1,1
2,98591,2022,3,27,77,11,36,0,1,0.3,15,2,15,-1,1
15,100276,2022,3,27,77,3,37,0,1,0.16,3,2,8,-2,1
5,111651,2022,3,27,77,63,28,0,1,0.32,5,2,16,0,1
3,106940,2022,3,27,77,55,31,0,1,0.32,18,2,16,1,1
15,101859,2022,3,27,77,18,27,0,1,0.26,6,2,14,0,1
2,104577,2022,3,27,77,33,28,0,1,0.32,9,2,16,1,1
12,122305,2022,3,27,77,24,27,0,1,0.32,7,2,16,1,0
16,98660,2022,3,27,77,24,27,0,2,0.54,7,3,11,-1,1
9,104635,2023,3,19,77,23,30,0,1,0.34,19,2,17,2,1
2,129623,2023,3,19,77,14,45,0,1,0.36,18,2,18,0,0
17,99617,2023,3,19,77,77,36,0,1,0.18,10,2,9,-1,1
19,118961,2023,3,19,77,77,36,0,2,0.34,10,3,8,0,1
18,98834,2023,3,19,77,77,36,0,3,0.7,10,2,18,0,1
11,109322,2023,3,19,77,21,31,0,1,0.34,9,2,17,1,1
9,98551,2023,3,19,77,10,30,0,1,0.28,11,2,14,1,1
5,136760,2023,3,19,77,44,41,0,1,0.36,5,3,18,0,1
13,99066,2023,3,19,77,27,39,0,1,0.22,12,2,11,-1,1
5,97681,2023,3,19,77,16,28,0,1,0.32,16,1,16,0,1
14,99187,2023,3,19,77,20,33,0,1,0.16,8,2,8,-1,1
19,103070,2023,3,19,77,4,26,0,1,0.04,5,1,2,-2,0
18,120488,2023,3,19,77,4,26,0,2,0.38,5,3,17,0,1
7,98567,2023,3,19,77,31,29,0,1,0.32,11,2,16,0,1
1,127357,2023,3,19,77,11,36,0,1,0.36,15,2,18,0,1
19,107254,2023,3,19,77,81,25,0,1,0.02,3,2,1,0,0
3,132217,2023,3,19,77,63,28,0,1,0.36,5,2,18,0,1
4,97523,2023,3,19,77,55,31,0,1,0.3,18,2,15,0,1
10,136225,2023,3,19,77,2,25,0,1,0.36,1,3,18,0,1
5,98543,2023,3,19,77,18,27,0,1,0.26,6,2,13,-1,1
6,102410,2023,3,19,77,22,26,0,1,0.34,14,2,17,2,1
4,134348,2023,3,19,77,33,28,0,1,0.36,9,2,18,0,1
11,99247,2023,3,19,77,24,27,0,1,0.22,7,2,11,0,1
14,137713,2023,3,19,77,24,27,0,2,0.36,7,3,7,1,1
12,131613,2024,3,9,77,23,30,0,1,0.14,19,2,7,0,1
5,126883,2024,3,9,77,14,45,0,1,0.14,18,2,8,0,1
10,131168,2024,3,9,77,38,21,0,1,0.14,5,1,7,0,1
16,133580,2024,3,9,77,77,36,0,1,0.14,10,1,7,0,1
18,97864,2024,3,9,77,77,36,0,2,0.7,10,3,28,0,1
6,95967,2024,3,9,77,44,41,0,1,0.72,5,2,36,-1,1
10,96601,2024,3,9,77,27,39,0,1,0.66,12,2,33,0,1
3,124831,2024,3,9,77,16,28,0,1,0.14,16,2,7,0,1
11,131564,2024,3,9,77,20,33,0,1,0.14,8,2,7,0,1
4,96675,2024,3,9,77,4,26,0,1,0.74,5,2,37,0,1
15,132702,2024,3,9,77,31,29,0,1,0.14,11,2,7,0,1
2,124615,2024,3,9,77,11,36,0,1,0.14,15,2,7,0,1
4,126720,2024,3,9,77,81,25,0,1,0.14,3,2,7,0,1
14,132474,2024,3,9,77,3,37,0,1,0.14,3,2,7,0,0
7,128836,2024,3,9,77,63,28,0,1,0.14,5,2,7,0,1
17,134350,2024,3,9,77,2,25,0,1,0.14,1,2,7,0,0
9,130914,2024,3,9,77,22,26,0,1,0.14,14,2,7,0,1
1,122919,2024,3,9,77,33,28,0,1,0.14,9,2,7,0,1
10,96379,2024,3,9,77,24,27,0,1,0.82,7,2,41,0,0
8,98088,2025,4,20,77,23,30,0,1,0.44,19,2,22,0,1
12,98587,2025,4,20,77,14,45,0,1,0.38,18,2,20,0,1
7,98932,2025,4,20,77,12,19,0,1,0.38,13,2,19,-2,1
14,98409,2025,4,20,77,38,21,0,1,0.36,5,2,18,-1,1
18,149952,2025,4,20,77,5,21,0,1,0.02,4,2,1,0,1
16,148383,2025,4,20,77,61,23,0,1,0.02,3,2,1,0,1
18,98193,2025,4,20,77,61,23,0,2,0.64,3,3,31,-1,1
8,96999,2025,4,20,77,6,21,0,1,0.68,11,3,34,-1,1
6,97866,2025,4,20,77,44,41,0,1,0.46,5,2,23,-2,1
15,98006,2025,4,20,77,27,39,0,1,0.66,12,3,33,-3,1
10,97855,2025,4,20,77,30,24,0,1,0.4,17,2,20,1,1
1,96062,2025,4,20,77,16,28,0,1,0.58,16,2,29,0,1
2,96105,2025,4,20,77,4,26,0,1,0.68,5,3,34,-1,1
17,149408,2025,4,20,77,31,29,0,1,0.02,11,2,1,0,1
2,96450,2025,4,20,77,81,25,0,1,0.38,3,2,19,0,1
3,96707,2025,4,20,77,63,28,0,1,0.4,5,2,20,0,1
7,97788,2025,4,20,77,55,31,0,1,0.42,18,2,21,0,0
15,99544,2025,4,20,77,18,27,0,1,0.78,6,3,40,-3,1
1,96500,2025,4,20,77,33,28,0,1,0.42,9,2,21,0,0
13,127048,2022,10,2,15,77,36,0,1,0.532258065,10,4,33,0,0
9,127555,2022,10,2,15,10,30,0,1,0.532258065,11,4,36,-2,0
6,127369,2022,10,2,15,44,41,0,1,0.548387097,5,4,34,-1,0
2,125037,2022,10,2,15,16,28,0,1,0.548387097,16,4,34,0,0
16,131492,2022,10,2,15,20,33,0,1,0.112903226,8,4,7,-4,0
14,127629,2022,10,2,15,20,33,0,2,0.532258065,8,4,29,0,0
10,127583,2022,10,2,15,47,27,0,1,0.548387097,12,4,34,1,0
13,181053,2022,10,2,15,47,27,0,2,0.661290323,12,,,-3,0
3,146728,2022,10,2,15,4,26,0,1,0.580645161,5,4,36,1,0
1,126352,2022,10,2,15,11,36,0,1,0.564516129,15,4,35,0,0
5,153600,2022,10,2,15,3,37,0,1,0.580645161,3,,,1,0
15,147932,2022,10,2,15,63,28,0,1,0.338709677,5,4,21,1,0
14,134468,2022,10,2,15,63,28,0,2,0.564516129,5,2,14,1,0
14,192235,2022,10,2,15,63,28,0,3,0.661290323,5,,,-3,0
14,121663,2022,10,2,15,63,28,0,4,0.822580645,5,1,10,-1,0
2,127162,2022,10,2,15,55,31,0,1,0.564516129,18,4,35,1,0
7,126733,2022,10,2,15,18,27,0,1,0.564516129,6,4,35,0,0
12,126961,2022,10,2,15,22,26,0,1,0.532258065,14,4,39,0,0
5,125082,2022,10,2,15,33,28,0,1,0.564516129,9,4,35,0,0
13,133541,2022,10,2,15,33,28,0,2,0.64516129,9,2,5,-8,0
8,126308,2022,10,2,15,5,39,0,1,0.548387097,12,4,34,-1,0
15,128599,2023,9,17,15,23,30,0,1,0.322580645,19,2,20,0,0
12,120929,2023,9,17,15,23,30,0,2,0.693548387,19,3,23,0,0
7,124300,2023,9,17,15,14,45,0,1,0.322580645,18,2,20,-1,0
9,144760,2023,9,17,15,14,45,0,2,0.709677419,18,3,24,-3,0
16,110101,2023,9,17,15,77,36,0,1,0.64516129,10,3,40,1,0
12,128721,2023,9,17,15,10,30,0,1,0.322580645,11,2,20,-1,0
5,121815,2023,9,17,15,44,41,0,1,0.322580645,5,2,20,0,0
5,145716,2023,9,17,15,44,41,0,2,0.709677419,5,3,24,-1,0
11,128679,2023,9,17,15,27,39,0,1,0.322580645,12,2,20,-1,0
13,128455,2023,9,17,15,30,24,0,1,0.322580645,17,2,20,-1,0
2,121624,2023,9,17,15,16,28,0,1,0.322580645,16,1,23,0,0
10,126536,2023,9,17,15,20,33,0,1,0.322580645,8,2,20,-1,0
14,126002,2023,9,17,15,20,33,0,2,0.693548387,8,3,23,0,0
4,121158,2023,9,17,15,4,26,0,1,0.322580645,5,2,20,0,0
8,125887,2023,9,17,15,31,29,0,1,0.322580645,11,2,20,-1,0
15,113087,2023,9,17,15,11,36,0,1,0.629032258,15,3,39,-8,0
14,128998,2023,9,17,15,81,25,0,1,0.322580645,3,2,20,0,0
3,120405,2023,9,17,15,63,28,0,1,0.322580645,5,2,20,0,0
4,144887,2023,9,17,15,63,28,0,2,0.709677419,5,3,24,-2,0
1,116824,2023,9,17,15,55,31,0,1,0.322580645,18,2,20,0,0
18,149645,2023,9,17,15,2,25,0,1,0.306451613,1,2,19,-2,0
16,128408,2023,9,17,15,2,25,0,2,0.693548387,1,3,24,0,0
6,108808,2023,9,17,15,33,28,0,1,0.64516129,9,3,40,0,0
18,109969,2023,9,17,15,24,27,0,1,0.032258065,7,1,2,0,0
17,136694,2023,9,17,15,24,27,0,2,0.322580645,7,3,18,0,0
17,106666,2024,9,22,15,23,30,0,1,0.177419355,19,2,11,-2,0
9,108707,2024,9,22,15,14,45,0,1,0.403225806,18,2,26,-3,0
18,108688,2024,9,22,15,77,36,0,1,0.532258065,10,3,33,-2,0
8,108344,2024,9,22,15,43,23,0,1,0.467741935,2,2,29,-2,0
17,112264,2024,9,22,15,10,30,0,1,0.596774194,11,2,37,-4,0
5,106862,2024,9,22,15,44,41,0,1,0.274193548,5,1,19,-2,0
6,108550,2024,9,22,15,27,39,0,1,0.467741935,12,2,29,-1,0
6,107084,2024,9,22,15,16,28,0,1,0.580645161,16,2,36,-2,0
16,109569,2024,9,22,15,20,33,0,1,0.451612903,8,3,28,-3,0
19,170660,2024,9,22,15,20,33,0,2,0.790322581,8,,,-5,0
1,107073,2024,9,22,15,4,26,0,1,0.483870968,5,2,30,0,0
13,110059,2024,9,22,15,31,29,0,1,0.467741935,11,2,29,-2,0
10,107385,2024,9,22,15,11,36,0,1,0.451612903,15,2,28,-2,0
2,106395,2024,9,22,15,81,25,0,1,0.612903226,3,2,38,0,0
19,107680,2024,9,22,15,3,37,0,1,0.161290323,3,1,10,-3,0
16,110550,2024,9,22,15,3,37,0,2,0.741935484,3,2,36,-1,0
18,104940,2024,9,22,15,3,37,0,3,0.935483871,3,1,12,0,0
4,106903,2024,9,22,15,63,28,0,1,0.435483871,5,2,27,-1,0
14,107072,2024,9,22,15,55,31,0,1,0.209677419,18,2,13,-2,0
19,108829,2024,9,22,15,18,27,0,1,0.419354839,6,3,27,-3,0
9,107942,2024,9,22,15,22,26,0,1,0.532258065,14,2,33,-2,0
2,107873,2024,9,22,15,33,28,0,1,0.467741935,9,2,29,0,0
17,108825,2024,9,22,15,24,27,0,1,0.548387097,7,3,34,-2,0
13,108020,2025,10,5,15,23,30,0,1,0.677419355,19,2,42,-2,0
7,105503,2025,10,5,15,14,45,0,1,0.435483871,18,1,30,-2,0
5,102347,2025,10,5,15,12,19,0,1,0.403225806,13,2,25,-1,0
10,103418,2025,10,5,15,38,21,0,1,0.370967742,5,2,23,-2,0
17,104393,2025,10,5,15,5,21,0,1,0.209677419,4,2,13,-2,0
15,104453,2025,10,5,15,43,23,0,1,0.225806452,2,1,14,-2,0
17,104096,2025,10,5,15,10,30,0,1,0.387096774,11,2,24,-2,0
19,107482,2025,10,5,15,10,30,0,2,0.822580645,11,3,27,-2,0
11,104812,2025,10,5,15,6,21,0,1,0.322580645,11,1,22,-2,0
6,103559,2025,10,5,15,44,41,0,1,0.387096774,5,2,24,-1,0
7,101821,2025,10,5,15,44,41,0,2,0.741935484,5,3,22,0,1
11,103809,2025,10,5,15,27,39,0,1,0.403225806,12,2,25,-2,0
20,122923,2025,10,5,15,27,39,0,2,0.709677419,12,3,19,-5,0
13,106869,2025,10,5,15,30,24,0,1,0.774193548,17,2,48,-4,0
6,103372,2025,10,5,15,16,28,0,1,0.338709677,16,2,21,-2,0
2,102705,2025,10,5,15,4,26,0,1,0.419354839,5,2,26,0,1
12,104299,2025,10,5,15,31,29,0,1,0.483870968,11,2,30,-2,0
1,102830,2025,10,5,15,81,25,0,1,0.435483871,3,2,27,0,0
1,103178,2025,10,5,15,63,28,0,1,0.403225806,5,2,25,0,0
12,103958,2025,10,5,15,55,31,0,1,0.806451613,18,2,50,-3,0
13,105618,2025,10,5,15,18,27,0,1,0.612903226,6,1,38,-4,0
20,105142,2025,10,5,15,22,26,0,1,0.209677419,14,1,13,-3,0
4,103287,2025,10,5,15,33,28,0,1,0.306451613,9,1,22,-2,0
14,94915,2022,5,22,4,23,30,0,1,,19,1,11,3,1
19,95378,2022,5,22,4,23,30,0,2,,19,2,14,0,1
18,94440,2022,5,22,4,23,30,0,3,,19,1,20,0,1
18,94610,2022,5,22,4,23,30,0,4,,19,2,9,0,1
13,94566,2022,5,22,4,14,45,0,1,,18,1,10,-1,1
9,93694,2022,5,22,4,14,45,0,2,,18,2,21,0,1
7,91991,2022,5,22,4,14,45,0,3,,18,1,22,1,0
3,93231,2022,5,22,4,77,36,0,1,,10,1,17,2,1
4,92220,2022,5,22,4,77,36,0,2,,10,2,20,0,1
14,95542,2022,5,22,4,10,30,0,1,,11,1,10,-1,1
14,94406,2022,5,22,4,10,30,0,2,,11,2,19,-2,0
14,93241,2022,5,22,4,10,30,0,3,,11,1,20,0,1
19,115147,2022,5,22,4,44,41,0,1,,5,2,1,0,0
16,94486,2022,5,22,4,44,41,0,2,,5,1,23,0,1
5,90916,2022,5,22,4,44,41,0,3,,5,2,26,0,1
12,94853,2022,5,22,4,6,31,0,1,,6,1,12,1,1
18,94403,2022,5,22,4,6,31,0,2,,6,2,14,0,1
15,93887,2022,5,22,4,6,31,0,3,,6,1,24,0,1
1,93256,2022,5,22,4,16,28,0,1,,16,1,21,0,1
20,135888,2022,5,22,4,20,33,0,1,,8,1,3,0,0
17,99076,2022,5,22,4,20,33,0,2,,8,2,28,-1,0
8,94895,2022,5,22,4,47,27,0,1,,12,1,14,0,0
11,94265,2022,5,22,4,47,27,0,2,,12,1,21,-1,1
7,92651,2022,5,22,4,4,26,0,1,,5,1,12,0,1
6,92718,2022,5,22,4,4,26,0,2,,5,2,21,0,1
8,91363,2022,5,22,4,4,26,0,3,,5,1,21,0,1
6,93395,2022,5,22,4,31,29,0,1,,11,1,13,0,1
6,93452,2022,5,22,4,31,29,0,2,,11,2,22,-1,1
7,92228,2022,5,22,4,31,29,0,3,,11,1,20,0,1
2,92728,2022,5,22,4,11,36,0,1,,15,1,20,0,1
1,92252,2022,5,22,4,11,36,0,2,,15,2,20,0,1
2,90735,2022,5,22,4,11,36,0,3,,15,2,16,0,1
10,95648,2022,5,22,4,3,37,0,1,,3,1,14,-1,1
11,94152,2022,5,22,4,3,37,0,2,,3,1,23,-1,1
13,92494,2022,5,22,4,3,37,0,3,,3,2,17,-1,1
3,92390,2022,5,22,4,63,28,0,1,,5,1,16,-1,1
3,92633,2022,5,22,4,63,28,0,2,,5,2,23,-1,1
3,90898,2022,5,22,4,63,28,0,3,,5,2,15,0,1
11,94685,2022,5,22,4,55,31,0,1,,18,1,13,0,1
5,92700,2022,5,22,4,55,31,0,2,,18,2,21,0,1
5,91806,2022,5,22,4,55,31,0,3,,18,2,14,0,1
9,94527,2022,5,22,4,18,27,0,1,,6,1,17,-1,1
17,105403,2022,5,22,4,18,27,0,2,,6,1,16,-2,1
15,93415,2022,5,22,4,18,27,0,3,,6,2,20,0,0
9,93713,2022,5,22,4,22,26,0,1,,14,1,11,1,1
8,93438,2022,5,22,4,22,26,0,2,,14,2,21,0,1
9,92915,2022,5,22,4,22,26,0,3,,14,1,23,1,1
4,92379,2022,5,22,4,33,28,0,1,,9,1,16,-1,1
3,92263,2022,5,22,4,33,28,0,2,,9,2,15,-1,1
1,90814,2022,5,22,4,33,28,0,3,,9,1,19,0,1
10,94637,2022,5,22,4,5,39,0,1,,12,1,24,-2,1
11,93219,2022,5,22,4,5,39,0,2,,12,1,24,-2,1
16,94924,2022,5,22,4,24,27,0,1,,7,1,10,-1,1
14,86763,2023,6,4,4,23,30,0,1,,19,1,16,-4,1
19,86232,2023,6,4,4,23,30,0,2,,19,3,21,-2,1
5,84968,2023,6,4,4,14,45,0,1,,18,1,22,-1,1
5,83902,2023,6,4,4,14,45,0,2,,18,1,28,0,1
19,85549,2023,6,4,4,77,36,0,1,,10,1,5,-2,0
18,87553,2023,6,4,4,77,36,0,2,,10,3,34,-2,0
16,85276,2023,6,4,4,21,31,0,1,,9,1,9,-2,1
13,84278,2023,6,4,4,21,31,0,2,,9,3,29,-3,1
7,86187,2023,6,4,4,10,30,0,1,,11,1,22,-1,1
9,84147,2023,6,4,4,10,30,0,2,,11,2,20,-1,0
2,84672,2023,6,4,4,44,41,0,1,,5,1,27,0,1
2,82701,2023,6,4,4,44,41,0,2,,5,2,26,0,1
17,86934,2023,6,4,4,27,39,0,1,,12,1,11,-6,1
14,84750,2023,6,4,4,27,39,0,2,,12,2,18,-2,1
12,85079,2023,6,4,4,27,39,0,3,,12,3,17,-2,0
9,86277,2023,6,4,4,16,28,0,1,,16,3,16,0,1
8,83726,2023,6,4,4,16,28,0,2,,16,1,25,-1,1
14,86652,2023,6,4,4,20,33,0,1,,8,1,10,-2,1
16,85931,2023,6,4,4,20,33,0,2,,8,2,14,-3,0
17,86156,2023,6,4,4,20,33,0,3,,8,3,18,-2,1
14,91428,2023,6,4,4,4,26,0,1,,5,1,3,0,0
18,85334,2023,6,4,4,4,26,0,2,,5,3,21,0,1
15,83934,2023,6,4,4,4,26,0,3,,5,2,28,0,1
8,85472,2023,6,4,4,31,29,0,1,,11,1,16,-2,1
7,84355,2023,6,4,4,31,29,0,2,,11,2,22,-1,0
4,85177,2023,6,4,4,11,36,0,1,,15,2,27,-2,1
3,83039,2023,6,4,4,11,36,0,2,,15,3,23,0,1
8,84904,2023,6,4,4,81,25,0,1,,3,1,19,-2,1
7,84112,2023,6,4,4,81,25,0,2,,3,3,22,0,1
2,84632,2023,6,4,4,63,28,0,1,,5,1,25,1,1
3,82981,2023,6,4,4,63,28,0,2,,5,2,20,0,1
3,84981,2023,6,4,4,55,31,0,1,,18,1,18,-1,1
5,84280,2023,6,4,4,55,31,0,2,,18,2,26,-1,1
14,86858,2023,6,4,4,2,25,0,1,,1,2,17,-2,1
20,84804,2023,6,4,4,2,25,0,2,,1,3,19,-1,0
5,85694,2023,6,4,4,18,27,0,1,,6,1,17,-1,1
7,85200,2023,6,4,4,18,27,0,2,,6,1,23,-2,1
10,84958,2023,6,4,4,22,26,0,1,,14,1,10,-1,1
9,84505,2023,6,4,4,22,26,0,2,,14,3,24,-1,1
1,83843,2023,6,4,4,33,28,0,1,,9,2,26,0,1
1,82849,2023,6,4,4,33,28,0,2,,9,3,26,0,1
11,86163,2023,6,4,4,24,27,0,1,,7,1,9,-3,1
9,84350,2023,6,4,4,24,27,0,2,,7,3,27,-1,1
15,86838,2024,6,23,4,23,30,0,1,,19,2,18,-2,1
15,85925,2024,6,23,4,23,30,0,2,,19,1,25,-1,1
10,85298,2024,6,23,4,14,45,0,1,,18,1,19,-2,1
11,84032,2024,6,23,4,14,45,0,2,,18,2,27,-1,1
14,85342,2024,6,23,4,77,36,0,1,,10,1,11,-1,1
16,85577,2024,6,23,4,77,36,0,2,,10,1,20,-1,1
8,85491,2024,6,23,4,10,30,0,1,,11,1,17,-1,0
8,85413,2024,6,23,4,10,30,0,2,,11,2,24,-2,1
4,84966,2024,6,23,4,44,41,0,1,,5,1,19,-1,1
4,84149,2024,6,23,4,44,41,0,2,,5,2,27,-1,1
11,87477,2024,6,23,4,27,39,0,1,,12,1,12,-1,1
10,84542,2024,6,23,4,27,39,0,2,,12,2,26,-1,1
2,85337,2024,6,23,4,16,28,0,1,,16,1,24,0,1
3,83761,2024,6,23,4,16,28,0,2,,16,2,23,-1,1
16,86084,2024,6,23,4,20,33,0,1,,8,1,10,-1,1
16,85381,2024,6,23,4,20,33,0,2,,8,2,19,-1,0
1,85185,2024,6,23,4,4,26,0,1,,5,1,23,0,1
1,82986,2024,6,23,4,4,26,0,2,,5,2,24,0,1
9,86687,2024,6,23,4,31,29,0,1,,11,1,16,0,1
10,85378,2024,6,23,4,31,29,0,2,,11,2,24,-1,1
10,85586,2024,6,23,4,11,36,0,1,,15,1,16,0,1
10,85420,2024,6,23,4,11,36,0,2,,15,1,21,-1,1
8,83203,2024,6,23,4,11,36,0,3,,15,2,18,-1,1
5,87064,2024,6,23,4,81,25,0,1,,3,1,24,-2,1
7,84084,2024,6,23,4,81,25,0,2,,3,2,25,-3,1
12,86262,2024,6,23,4,3,37,0,1,,3,1,16,-2,1
13,84891,2024,6,23,4,3,37,0,2,,3,2,26,0,1
4,85364,2024,6,23,4,63,28,0,1,,5,1,18,-2,0
4,84372,2024,6,23,4,63,28,0,2,,5,2,21,-1,1
6,85427,2024,6,23,4,55,31,0,1,,18,1,15,-1,1
6,83733,2024,6,23,4,55,31,0,2,,18,2,21,-1,1
15,86379,2024,6,23,4,2,25,0,1,,1,1,14,0,1
19,85825,2024,6,23,4,2,25,0,2,,1,2,20,-1,1
9,86896,2024,6,23,4,18,27,0,1,,6,1,17,-3,1
14,85201,2024,6,23,4,18,27,0,2,,6,2,21,-1,1
20,86004,2024,6,23,4,22,26,0,1,,14,1,9,-3,1
19,85581,2024,6,23,4,22,26,0,2,,14,2,18,-1,1
18,86386,2024,6,23,4,22,26,0,3,,14,3,17,0,1
1,84876,2024,6,23,4,33,28,0,1,,9,1,20,0,1
1,83427,2024,6,23,4,33,28,0,2,,9,2,27,0,1
18,85889,2024,6,23,4,24,27,0,1,,7,1,9,-2,1
11,85635,2024,6,23,4,24,27,0,2,,7,2,32,-1,0
18,86284,2025,6,1,4,23,30,0,1,,19,1,9,-4,0
17,89868,2025,6,1,4,23,30,0,2,,19,1,20,-3,0
13,87958,2025,6,1,4,14,45,0,1,,18,1,17,-2,1
12,85467,2025,6,1,4,14,45,0,2,,18,2,28,-1,1
11,97388,2025,6,1,4,14,45,0,3,,18,1,15,1,1
4,86745,2025,6,1,4,12,19,0,1,,13,1,24,1,1
7,84211,2025,6,1,4,12,19,0,2,,13,2,28,-1,1
16,86186,2025,6,1,4,38,21,0,1,,5,1,8,-2,1
12,87065,2025,6,1,4,38,21,0,2,,5,2,27,-2,1
12,98755,2025,6,1,4,38,21,0,3,,5,2,19,1,1
12,87666,2025,6,1,4,5,21,0,1,,4,1,22,-2,1
13,84483,2025,6,1,4,5,21,0,2,,4,2,30,-3,1
14,86715,2025,6,1,4,43,23,0,1,,2,1,14,-1,1
18,86444,2025,6,1,4,43,23,0,2,,2,2,25,0,1
17,108581,2025,6,1,4,43,23,0,3,,2,1,15,1,1
10,85670,2025,6,1,4,10,30,0,1,,11,1,12,-2,1
10,86267,2025,6,1,4,10,30,0,2,,11,1,24,0,1
9,110935,2025,6,1,4,10,30,0,3,,11,2,24,0,1
7,86307,2025,6,1,4,6,21,0,1,,11,1,22,-1,1
8,84323,2025,6,1,4,6,21,0,2,,11,2,29,0,1
7,110630,2025,6,1,4,6,21,0,3,,11,1,10,0,1
5,85739,2025,6,1,4,44,41,0,1,,5,1,19,-1,1
4,85116,2025,6,1,4,44,41,0,2,,5,2,30,0,0
6,105765,2025,6,1,4,44,41,0,3,,5,1,12,0,1
11,85851,2025,6,1,4,27,39,0,1,,12,1,9,-1,1
9,85589,2025,6,1,4,27,39,0,2,,12,2,36,0,1
8,93749,2025,6,1,4,27,39,0,3,,12,1,11,0,1
9,87446,2025,6,1,4,30,24,0,1,,17,1,18,-1,1
10,84710,2025,6,1,4,30,24,0,2,,17,2,26,0,1
3,85153,2025,6,1,4,16,28,0,1,,16,1,18,0,1
4,85756,2025,6,1,4,16,28,0,2,,16,2,23,0,1
4,101931,2025,6,1,4,16,28,0,3,,16,2,15,0,1
2,85617,2025,6,1,4,4,26,0,1,,5,1,21,0,1
2,83999,2025,6,1,4,4,26,0,2,,5,2,27,0,1
2,93197,2025,6,1,4,4,26,0,3,,5,1,10,0,0
12,88077,2025,6,1,4,31,29,0,1,,11,1,20,-2,1
14,85554,2025,6,1,4,31,29,0,2,,11,2,23,0,1
1,85235,2025,6,1,4,81,25,0,1,,3,1,22,0,1
1,83190,2025,6,1,4,81,25,0,2,,3,2,27,0,1
1,91156,2025,6,1,4,81,25,0,3,,3,1,9,0,1
4,86155,2025,6,1,4,63,28,0,1,,5,1,23,0,1
5,84584,2025,6,1,4,63,28,0,2,,5,2,21,1,1
5,102124,2025,6,1,4,63,28,0,3,,5,1,14,0,1
16,86311,2025,6,1,4,55,31,0,1,,18,1,9,-1,0
16,86912,2025,6,1,4,55,31,0,2,,18,1,25,-3,1
11,129946,2025,6,1,4,55,31,0,3,,18,2,21,2,1
18,87017,2025,6,1,4,22,26,0,1,,14,2,8,0,1
15,86048,2025,6,1,4,22,26,0,2,,14,1,16,-3,1
13,87462,2025,6,1,4,22,26,0,3,,14,1,20,-1,1
15,100175,2025,6,1,4,22,26,0,4,,14,1,10,0,1
3,86030,2025,6,1,4,33,28,0,1,,9,1,16,-1,1
2,84509,2025,6,1,4,33,28,0,2,,9,1,16,-1,1
3,83558,2025,6,1,4,33,28,0,3,,9,2,18,0,1
3,94644,2025,6,1,4,33,28,0,4,,9,1,11,0,1
18,124054,2022,11,13,18,23,30,0,1,0.056338028,19,,,-1,0
11,83055,2022,11,13,18,23,30,0,2,0.352112676,19,,,0,1
15,82297,2022,11,13,18,23,30,0,3,0.661971831,19,,,-1,1
13,81551,2022,11,13,18,14,45,0,1,0.197183099,18,,,-1,1
7,81022,2022,11,13,18,14,45,0,2,0.492957746,18,,,-2,0
5,84572,2022,11,13,18,14,45,0,3,0.732394366,18,,,0,0
7,81765,2022,11,13,18,77,36,0,1,0.338028169,10,,,-1,0
5,80762,2022,11,13,18,77,36,0,2,0.633802817,10,,,0,0
8,81692,2022,11,13,18,10,30,0,1,0.267605634,11,,,-2,1
10,81196,2022,11,13,18,10,30,0,2,0.492957746,11,,,-1,1
11,88911,2022,11,13,18,10,30,0,3,0.732394366,11,,,0,1
1,80866,2022,11,13,18,44,41,0,1,0.408450704,5,,,0,0
2,79237,2022,11,13,18,44,41,0,2,0.676056338,5,,,0,1
17,83260,2022,11,13,18,6,31,0,1,0.281690141,6,,,-2,0
18,82428,2022,11,13,18,6,31,0,2,0.450704225,6,,,0,0
17,104357,2022,11,13,18,6,31,0,3,0.732394366,6,,,0,0
18,93180,2022,11,13,18,16,28,0,1,0.098591549,16,,,-12,0
16,80748,2022,11,13,18,16,28,0,2,0.295774648,16,,,0,1
10,80008,2022,11,13,18,16,28,0,3,0.61971831,16,,,-2,1
10,82198,2022,11,13,18,47,27,0,1,0.338028169,12,,,-1,0
10,81304,2022,11,13,18,47,27,0,2,0.647887324,12,,,1,0
6,81591,2022,11,13,18,4,26,0,1,0.338028169,5,,,-1,0
10,81162,2022,11,13,18,4,26,0,2,0.633802817,5,,,-2,0
8,82529,2022,11,13,18,31,29,0,1,0.338028169,11,,,-1,0
5,80985,2022,11,13,18,31,29,0,2,0.661971831,11,,,0,0
2,81078,2022,11,13,18,11,36,0,1,0.323943662,15,,,0,1
3,80204,2022,11,13,18,11,36,0,2,0.661971831,15,,,0,1
1,80102,2022,11,13,18,63,28,0,1,0.338028169,5,,,0,0
1,79936,2022,11,13,18,63,28,0,2,0.690140845,5,,,0,1
4,80648,2022,11,13,18,55,31,0,1,0.23943662,18,,,-1,0
4,80025,2022,11,13,18,55,31,0,2,0.507042254,18,,,-1,1
2,95631,2022,11,13,18,55,31,0,3,0.746478873,18,,,0,0
7,82627,2022,11,13,18,18,27,0,1,0.408450704,6,,,-2,1
10,81208,2022,11,13,18,18,27,0,2,0.676056338,6,,,-1,0
13,82382,2022,11,13,18,22,26,0,1,0.281690141,14,,,0,1
16,81241,2022,11,13,18,22,26,0,2,0.563380282,14,,,-2,0
15,121207,2022,11,13,18,22,26,0,3,0.76056338,14,,,0,0
17,85930,2022,11,13,18,33,28,0,1,0.098591549,9,,,-14,0
14,81517,2022,11,13,18,33,28,0,2,0.323943662,9,,,-2,0
6,79905,2022,11,13,18,33,28,0,3,0.676056338,9,,,0,0
5,81840,2022,11,13,18,5,39,0,1,0.366197183,12,,,-2,0
7,80983,2022,11,13,18,5,39,0,2,0.633802817,12,,,-1,0
12,81510,2022,11,13,18,24,27,0,1,0.225352113,7,,,0,0
12,81569,2022,11,13,18,24,27,0,2,0.521126761,7,,,-2,0
4,127301,2023,11,5,18,14,45,0,1,0.014084507,18,1,4,0,1
3,80972,2023,11,5,18,14,45,0,3,0.352112676,18,1,26,0,0
3,79763,2023,11,5,18,14,45,0,4,0.661971831,18,2,22,0,0
13,142202,2023,11,5,18,77,36,0,1,0.014084507,10,1,1,0,1
11,81363,2023,11,5,18,77,36,0,3,0.253521127,10,1,16,-1,0
12,141630,2023,11,5,18,10,30,0,1,0.014084507,11,1,3,0,1
5,81513,2023,11,5,18,10,30,0,3,0.366197183,11,1,27,0,0
9,80564,2023,11,5,18,10,30,0,4,0.647887324,11,2,20,-1,0
3,124866,2023,11,5,18,44,41,0,1,0.014084507,5,1,4,0,1
9,82182,2023,11,5,18,44,41,0,3,0.253521127,5,1,19,-5,0
7,80492,2023,11,5,18,44,41,0,4,0.647887324,5,2,28,0,0
17,151032,2023,11,5,18,27,39,0,1,0.014084507,12,1,1,0,0
11,81052,2023,11,5,18,27,39,0,3,0.295774648,12,1,22,-2,0
12,80729,2023,11,5,18,27,39,0,4,0.647887324,12,1,28,0,0
2,121881,2023,11,5,18,4,26,0,1,0.014084507,5,1,4,0,1
2,80818,2023,11,5,18,4,26,0,3,0.38028169,5,1,25,0,0
1,79796,2023,11,5,18,4,26,0,4,0.830985915,5,2,32,0,0
9,135909,2023,11,5,18,31,29,0,1,0.014084507,11,1,4,0,1
14,81410,2023,11,5,18,31,29,0,3,0.197183099,11,1,15,-3,0
12,80584,2023,11,5,18,31,29,0,4,0.436619718,11,2,17,-3,0
10,80059,2023,11,5,18,31,29,0,5,0.718309859,11,1,23,0,0
7,133140,2023,11,5,18,11,36,0,1,0.014084507,15,1,4,0,1
6,80985,2023,11,5,18,11,36,0,3,0.281690141,15,1,21,-2,1
4,80234,2023,11,5,18,11,36,0,4,0.647887324,15,2,26,0,0
16,1684821,2023,11,5,18,81,25,0,2,0.028169014,3,,,-6,0
16,81760,2023,11,5,18,81,25,0,3,0.338028169,3,2,23,0,0
15,82846,2023,11,5,18,81,25,0,4,0.732394366,3,1,31,0,1
17,1679112,2023,11,5,18,3,37,0,2,0.028169014,3,,,-1,0
15,80591,2023,11,5,18,3,37,0,3,0.366197183,3,1,28,0,0
14,79237,2023,11,5,18,3,37,0,4,0.774647887,3,2,29,0,0
6,131238,2023,11,5,18,63,28,0,1,0.014084507,5,1,4,0,1
8,80533,2023,11,5,18,63,28,0,3,0.267605634,5,1,20,-3,0
10,81183,2023,11,5,18,63,28,0,4,0.633802817,5,2,26,-1,0
8,134431,2023,11,5,18,55,31,0,1,0.014084507,18,1,3,0,1
3,81058,2023,11,5,18,55,31,0,3,0.366197183,18,1,28,1,0
4,80341,2023,11,5,18,55,31,0,4,0.718309859,18,2,25,0,0
15,147935,2023,11,5,18,2,25,0,1,0.014084507,1,2,1,0,0
12,82426,2023,11,5,18,2,25,0,3,0.23943662,1,1,15,0,0
12,81995,2023,11,5,18,2,25,0,4,0.61971831,1,1,27,-1,0
5,128727,2023,11,5,18,18,27,0,1,0.014084507,6,1,1,0,1
6,80608,2023,11,5,18,18,27,0,3,0.309859155,6,1,23,-2,0
3,79716,2023,11,5,18,18,27,0,4,0.732394366,6,2,30,0,0
11,139969,2023,11,5,18,22,26,0,1,0.014084507,14,1,4,0,1
6,80763,2023,11,5,18,22,26,0,3,0.366197183,14,1,24,0,0
6,79809,2023,11,5,18,22,26,0,4,0.774647887,14,2,29,-1,1
1,119857,2023,11,5,18,33,28,0,1,0.014084507,9,1,4,0,1
1,80264,2023,11,5,18,33,28,0,3,0.38028169,9,1,28,0,1
1,79309,2023,11,5,18,33,28,0,4,0.788732394,9,2,29,0,1
14,146873,2023,11,5,18,24,27,0,1,0.014084507,7,1,1,0,1
13,81661,2023,11,5,18,24,27,0,3,0.211267606,7,1,13,-1,0
8,98089,2024,11,3,18,14,45,0,1,0.38028169,18,4,27,0,0
11,98431,2024,11,3,18,38,21,0,1,0.38028169,5,4,27,-1,0
15,89885,2024,11,3,18,43,23,0,1,0.366197183,2,4,26,-1,0
16,130874,2024,11,3,18,43,23,0,2,0.422535211,2,4,4,0,0
12,100067,2024,11,3,18,44,41,0,1,0.38028169,5,4,27,-1,0
10,90410,2024,11,3,18,27,39,0,1,0.352112676,12,4,25,1,0
18,230215,2024,11,3,18,27,39,0,2,0.38028169,12,,,-1,0
18,127542,2024,11,3,18,27,39,0,3,0.408450704,12,5,2,0,0
7,113045,2024,11,3,18,30,24,0,1,0.394366197,17,4,31,2,0
6,88997,2024,11,3,18,16,28,0,1,0.338028169,16,4,26,-1,0
2,115212,2024,11,3,18,4,26,0,1,0.394366197,5,4,31,0,0
14,102155,2024,11,3,18,11,36,0,1,0.38028169,15,4,27,0,0
7,96487,2024,11,3,18,81,25,0,1,0.38028169,3,4,30,0,0
1,114428,2024,11,3,18,63,28,0,1,0.394366197,5,4,31,0,0
13,101195,2024,11,3,18,55,31,0,1,0.38028169,18,4,27,0,0
5,117034,2024,11,3,18,22,26,0,1,0.394366197,14,4,31,-1,0
17,108354,2024,11,3,18,24,27,1,1,0.38028169,7,4,27,1,0
17,126376,2024,11,3,18,24,27,0,2,0.394366197,7,4,1,0,0
16,1392307,2024,11,3,18,24,27,0,4,0.450704225,7,,,0,0
9,80772,2025,11,9,18,23,30,0,1,0.492957746,19,2,41,-2,1
11,78437,2025,11,9,18,23,30,0,2,0.774647887,19,1,22,-2,1
11,79939,2025,11,9,18,14,45,0,1,0.394366197,18,3,28,-3,0
15,78872,2025,11,9,18,14,45,0,2,0.647887324,18,2,24,-4,0
4,79328,2025,11,9,18,12,19,0,1,0.295774648,13,1,24,-1,1
3,79038,2025,11,9,18,12,19,0,2,0.661971831,13,2,26,-1,1
9,80163,2025,11,9,18,38,21,0,1,0.23943662,5,1,19,-3,0
5,78073,2025,11,9,18,38,21,0,2,0.591549296,5,2,25,-1,0
12,79686,2025,11,9,18,43,23,0,1,0.408450704,2,2,29,-3,0
16,79598,2025,11,9,18,43,23,0,2,0.605633803,2,1,14,-3,0
11,79740,2025,11,9,18,10,30,0,1,0.253521127,11,1,21,-4,0
8,78463,2025,11,9,18,10,30,0,2,0.549295775,11,2,21,-1,0
7,79726,2025,11,9,18,6,21,0,1,0.253521127,11,1,21,-2,0
9,78786,2025,11,9,18,6,21,0,2,0.521126761,11,2,25,-2,1
19,125836,2025,11,9,18,44,41,0,1,0.028169014,5,1,2,-2,0
17,80101,2025,11,9,18,44,41,0,2,0.197183099,5,3,12,-1,1
15,80294,2025,11,9,18,44,41,0,3,0.450704225,5,2,18,-1,0
6,78996,2025,11,9,18,27,39,0,1,0.507042254,12,2,36,-2,1
9,79832,2025,11,9,18,30,24,0,1,0.267605634,17,1,22,-4,1
1,78720,2025,11,9,18,4,26,0,1,0.422535211,5,2,30,0,1
1,77963,2025,11,9,18,4,26,0,2,0.704225352,5,1,23,0,1
16,101912,2025,11,9,18,31,29,0,1,0.112676056,11,3,8,-1,0
10,80583,2025,11,9,18,31,29,0,2,0.661971831,11,2,39,-3,0
1,80264,2025,11,9,18,81,25,0,1,0.535211268,3,2,38,0,0
2,77965,2025,11,9,18,81,25,0,2,0.718309859,3,1,15,1,1
3,79220,2025,11,9,18,63,28,0,1,0.478873239,5,2,38,-1,1
3,77843,2025,11,9,18,63,28,0,2,0.676056338,5,1,15,-1,1
14,80066,2025,11,9,18,55,31,0,1,0.23943662,18,1,17,-4,0
10,78817,2025,11,9,18,55,31,0,2,0.535211268,18,2,21,0,1
14,79662,2025,11,9,18,18,27,0,1,0.408450704,6,3,29,-4,0
13,79447,2025,11,9,18,18,27,0,2,0.76056338,6,2,31,-1,1
16,119580,2025,11,9,18,22,26,0,1,0.028169014,14,3,2,-2,1
12,79809,2025,11,9,18,22,26,0,2,0.338028169,14,2,22,-4,0
15,78697,2025,11,9,18,22,26,0,3,0.661971831,14,2,23,1,0
17,107461,2025,11,9,18,33,28,0,1,0.098591549,9,3,7,-4,1
5,79344,2025,11,9,18,33,28,0,2,0.478873239,9,2,27,-1,1
1,77514,2025,11,9,18,33,28,0,3,0.76056338,9,2,20,0,1
12,105035,2022,10,23,69,23,30,0,1,0.160714286,19,2,9,0,0
15,129393,2022,10,23,69,23,30,0,2,0.321428571,19,2,9,0,0
7,123212,2022,10,23,69,14,45,0,1,0.321428571,18,3,18,0,0
14,138743,2022,10,23,69,14,45,0,2,0.392857143,18,2,4,-5,0
10,104431,2022,10,23,69,77,36,0,1,0.178571429,10,2,10,0,0
8,104328,2022,10,23,69,10,30,0,1,0.196428571,11,2,11,0,0
7,103083,2022,10,23,69,10,30,0,2,0.571428571,11,3,22,0,0
2,103817,2022,10,23,69,44,41,0,1,0.214285714,5,2,12,0,0
2,101838,2022,10,23,69,44,41,0,2,0.607142857,5,3,22,0,0
19,116012,2022,10,23,69,6,31,0,1,0.089285714,6,2,5,-4,0
18,134610,2022,10,23,69,6,31,0,2,0.321428571,6,2,13,0,0
1,115589,2022,10,23,69,16,28,0,1,0.321428571,16,2,18,1,0
2,102179,2022,10,23,69,16,28,0,2,0.625,16,3,17,1,0
12,128058,2022,10,23,69,20,33,0,1,0.321428571,8,3,18,0,0
10,126524,2022,10,23,69,47,27,0,1,0.321428571,12,3,18,0,0
9,103314,2022,10,23,69,47,27,0,2,0.589285714,12,2,15,1,0
7,103971,2022,10,23,69,4,26,0,1,0.25,5,2,14,1,0
7,102610,2022,10,23,69,4,26,0,2,0.607142857,5,3,20,1,0
9,126655,2022,10,23,69,31,29,0,1,0.321428571,11,3,18,0,0
9,104560,2022,10,23,69,31,29,0,2,0.803571429,11,3,27,-1,0
1,102810,2022,10,23,69,11,36,0,1,0.25,15,2,14,2,1
1,101470,2022,10,23,69,11,36,0,2,0.678571429,15,3,24,0,0
13,105425,2022,10,23,69,3,37,0,1,0.178571429,3,2,10,2,0
11,103706,2022,10,23,69,3,37,0,2,0.625,3,3,25,1,0
2,103509,2022,10,23,69,63,28,0,1,0.232142857,5,2,13,1,0
2,102125,2022,10,23,69,63,28,0,2,0.642857143,5,3,23,2,0
5,101888,2022,10,23,69,63,28,0,3,0.964285714,5,3,18,0,0
3,103976,2022,10,23,69,18,27,0,1,0.267857143,6,2,16,1,0
12,104169,2022,10,23,69,22,26,0,1,0.178571429,14,2,10,1,0
7,102797,2022,10,23,69,22,26,0,2,0.589285714,14,2,23,1,1
1,102675,2022,10,23,69,33,28,0,1,0.232142857,9,2,13,0,0
1,101289,2022,10,23,69,33,28,0,2,0.625,9,3,22,0,0
4,117936,2022,10,23,69,5,39,0,1,0.321428571,12,2,19,0,0
2,103535,2022,10,23,69,5,39,0,2,0.732142857,12,2,24,-1,0
14,105956,2022,10,23,69,24,27,0,1,0.160714286,7,2,9,0,0
9,169446,2022,10,23,69,24,27,0,2,0.410714286,7,,,4,0
11,103152,2023,10,22,69,23,30,0,1,0.178571429,19,2,13,2,0
11,102913,2023,10,22,69,23,30,0,2,0.517857143,19,3,19,0,0
9,103648,2023,10,22,69,14,45,0,1,0.339285714,18,2,19,0,0
7,102303,2023,10,22,69,14,45,0,2,0.75,18,2,23,0,0
12,104078,2023,10,22,69,77,36,0,1,0.178571429,10,2,10,2,0
13,104289,2023,10,22,69,77,36,0,2,0.5,10,3,18,-1,0
5,103920,2023,10,22,69,10,30,0,1,0.321428571,11,2,18,2,0
8,102377,2023,10,22,69,10,30,0,2,0.660714286,11,2,19,0,0
1,103773,2023,10,22,69,44,41,0,1,0.357142857,5,2,20,0,0
1,102192,2023,10,22,69,44,41,0,2,0.678571429,5,3,18,0,0
12,104796,2023,10,22,69,27,39,0,1,0.339285714,12,3,19,0,0
12,102889,2023,10,22,69,27,39,0,2,0.607142857,12,2,15,0,0
1,103570,2023,10,22,69,16,28,0,1,0.410714286,16,2,23,0,0
13,104749,2023,10,22,69,20,33,0,1,0.178571429,8,2,10,2,0
16,104007,2023,10,22,69,20,33,0,2,0.517857143,8,3,19,1,0
1,102594,2023,10,22,69,4,26,0,1,0.303571429,5,2,17,0,0
2,102130,2023,10,22,69,4,26,0,2,0.607142857,5,3,17,0,1
6,103567,2023,10,22,69,11,36,0,1,0.303571429,15,2,17,1,0
2,101956,2023,10,22,69,11,36,0,2,0.660714286,15,2,20,0,0
15,123516,2023,10,22,69,3,37,0,1,0.410714286,3,3,1,-8,0
15,103929,2023,10,22,69,3,37,0,2,0.839285714,3,3,25,0,0
3,104164,2023,10,22,69,63,28,0,1,0.375,5,2,21,0,0
6,102200,2023,10,22,69,63,28,0,2,0.696428571,5,3,18,0,0
4,103418,2023,10,22,69,55,31,0,1,0.303571429,18,2,17,1,0
3,102067,2023,10,22,69,55,31,0,2,0.625,18,2,18,1,0
12,103570,2023,10,22,69,2,25,0,1,0.196428571,1,2,11,3,0
13,103953,2023,10,22,69,2,25,0,2,0.571428571,1,3,21,0,0
10,103805,2023,10,22,69,18,27,0,1,0.357142857,6,3,20,0,0
8,101931,2023,10,22,69,18,27,0,2,0.714285714,6,2,20,1,0
8,103535,2023,10,22,69,22,26,0,1,0.303571429,14,2,17,1,0
9,102676,2023,10,22,69,22,26,0,2,0.607142857,14,3,17,0,0
10,101299,2023,10,22,69,22,26,0,3,0.964285714,14,2,20,0,1
3,102571,2023,10,22,69,33,28,0,1,0.285714286,9,2,16,0,0
1,101777,2023,10,22,69,33,28,0,2,0.625,9,2,19,0,0
11,103882,2023,10,22,69,24,27,0,1,0.160714286,7,2,9,0,0
16,107714,2023,10,22,69,24,27,0,2,0.482142857,7,3,18,-4,0
17,136698,2024,10,20,69,23,30,0,1,0.053571429,19,2,3,1,0
14,101702,2024,10,20,69,23,30,0,2,0.589285714,19,2,30,0,0
11,102193,2024,10,20,69,14,45,0,1,0.464285714,18,2,26,0,0
15,102714,2024,10,20,69,77,36,0,1,0.267857143,10,2,15,0,0
8,100591,2024,10,20,69,43,23,0,1,0.696428571,2,3,39,0,0
6,101038,2024,10,20,69,10,30,0,1,0.321428571,11,2,18,0,0
6,101173,2024,10,20,69,27,39,0,1,0.482142857,12,2,27,1,0
7,101342,2024,10,20,69,30,24,0,1,0.642857143,17,3,36,0,0
1,100211,2024,10,20,69,16,28,0,1,0.464285714,16,2,26,0,0
7,101895,2024,10,20,69,20,33,0,1,0.303571429,8,2,17,0,0
9,99843,2024,10,20,69,20,33,0,2,0.678571429,8,3,21,0,0
1,101469,2024,10,20,69,4,26,0,1,0.553571429,5,2,31,0,0
12,103409,2024,10,20,69,31,29,0,1,0.553571429,11,2,31,-1,0
15,101838,2024,10,20,69,31,29,0,2,0.910714286,11,3,20,0,0
6,100789,2024,10,20,69,11,36,0,1,0.464285714,15,2,26,0,0
2,101107,2024,10,20,69,81,25,0,1,0.571428571,3,2,32,1,0
6,100641,2024,10,20,69,63,28,0,1,0.714285714,5,3,40,0,0
3,100695,2024,10,20,69,55,31,0,1,0.375,18,2,21,0,0
13,102199,2024,10,20,69,18,27,0,1,0.482142857,6,3,28,2,0
9,102676,2024,10,20,69,22,26,0,1,0.321428571,14,2,18,0,0
2,100718,2024,10,20,69,33,28,0,1,0.446428571,9,2,25,0,0
19,102427,2024,10,20,69,24,27,0,1,0.232142857,7,2,13,0,0
19,101783,2024,10,20,69,24,27,0,2,0.625,7,2,22,-1,0
17,130241,2025,10,19,69,23,30,0,1,0.125,19,3,7,1,0
10,101501,2025,10,19,69,23,30,0,2,0.642857143,19,2,29,0,0
9,102592,2025,10,19,69,14,45,0,1,0.535714286,18,2,31,1,0
10,102151,2025,10,19,69,12,19,0,1,0.553571429,13,2,31,2,0
7,101097,2025,10,19,69,38,21,0,1,0.535714286,5,2,30,1,0
13,101933,2025,10,19,69,5,21,0,1,0.25,4,1,14,0,0
15,101160,2025,10,19,69,5,21,0,2,0.642857143,4,2,22,0,0
11,102054,2025,10,19,69,43,23,0,1,0.571428571,2,2,32,1,0
13,102200,2025,10,19,69,10,30,0,1,0.482142857,11,2,27,0,0
16,101674,2025,10,19,69,6,21,0,1,0.5,11,3,28,1,0
3,101625,2025,10,19,69,44,41,0,1,0.553571429,5,2,31,0,0
5,101064,2025,10,19,69,27,39,0,1,0.589285714,12,2,33,0,0
10,101587,2025,10,19,69,30,24,0,1,0.535714286,17,2,30,1,0
4,102445,2025,10,19,69,16,28,0,1,0.392857143,16,1,25,-1,0
2,101727,2025,10,19,69,4,26,0,1,0.571428571,5,2,32,0,0
17,102213,2025,10,19,69,31,29,0,1,0.428571429,11,3,24,-1,0
4,101292,2025,10,19,69,81,25,0,1,0.535714286,3,2,30,0,1
2,101652,2025,10,19,69,63,28,0,1,0.589285714,5,2,33,1,0
12,101870,2025,10,19,69,18,27,0,1,0.5,6,1,28,0,0
7,102402,2025,10,19,69,22,26,0,1,0.517857143,14,2,29,-1,0
1,101408,2025,10,19,69,33,28,0,1,0.589285714,9,2,33,0,0
